Date,Depth_m,Temp_C,Chla_ugL,Turb_NTU,Cond_uScm,Spec_Cond_uScm,DO_mgL,DO_pSat,pH,ORP_mV,PAR,Salinity,Descent Rate (m/s),Flag
2020-09-15T21:24:50Z,0.002,22.5202,5.9603,3.332,28.243,26.868651,4.7938,79.648,15.229,264.812,162.59,1.5441377894588804,0.087,0
2020-09-15T21:24:50Z,0.032,22.5311,5.9491,3.29,28.188,26.820792,4.8033,79.618,15.229,264.8883,145.35,1.5405861943677364,0.109,0
2020-09-15T21:24:50Z,0.072,22.5413,5.9369,3.2862,28.176,26.811738,4.8106,79.515,15.23,265.1698,120.82,1.5395420800894593,0.125,0
2020-09-15T21:24:50Z,0.112,22.5514,5.9369,3.3199,28.186,26.822616,4.8181,79.4,15.23,265.6335,100.74,1.539771216108078,0.135,0
2020-09-15T21:24:50Z,0.147,22.5619,5.9384,3.3207,28.188,26.825462,4.8228,79.294,15.23,266.2789,87.173,1.5395251965847747,0.137,0
2020-09-15T21:24:50Z,0.179,22.5695,5.9372,3.2962,28.209,26.846152,4.8196,79.218,15.23,267.0365,72.911,1.5404748719954549,0.132,0
2020-09-15T21:24:50Z,0.213,22.5732,5.9502,3.2979,28.248,26.882487,4.8109,79.188,15.23,267.7393,58.851,1.5425965489383966,0.123,0
2020-09-15T21:24:50Z,0.247,22.5764,5.9713,3.3067,28.25,26.884204,4.8039,79.164,15.229,267.9792,48.68,1.5426011619473683,0.112,0
2020-09-15T21:24:50Z,0.275,22.5786,5.9924,3.2997,28.232,26.86692,4.797,79.119,15.228,268.0438,43.587,1.5414868541181006,0.1,0
2020-09-15T21:24:50Z,0.299,22.5789,6.0046,3.2822,28.228,26.863794,4.7908,79.074,15.228,268.4339,42.624,1.541245481634938,0.089,0
2020-09-15T21:24:50Z,0.32,22.5778,5.9954,3.2663,28.21,26.846405,4.7911,79.049,15.228,268.9963,44.305,1.5402448457680038,0.084,0
2020-09-15T21:24:50Z,0.335,22.5775,5.9863,3.2784,28.211,26.846963,4.7904,79.046,15.228,269.4234,47.804,1.5403125783583724,0.088,0
2020-09-15T21:24:50Z,0.345,22.5782,6.0187,3.3254,28.236,26.870538,4.7866,79.043,15.228,269.6405,51.644,1.541730257464324,0.1,0
2020-09-15T21:24:50Z,0.365,22.5786,6.1485,3.3551,28.243,26.877721,4.7834,79.02,15.228,269.9005,54.387,1.5421199762685733,0.115,0
2020-09-15T21:24:50Z,0.402,22.5782,6.3247,3.3287,28.234,26.870382,4.782,79,15.228,270.3298,55.162,1.5416139952571968,0.13,0
2020-09-15T21:24:50Z,0.449,22.5763,6.3948,3.3143,28.208,26.845232,4.7823,79.02,15.228,270.7017,53.771,1.5401789977625417,0.142,0
2020-09-15T21:24:50Z,0.496,22.5759,6.3953,3.3524,28.188,26.827352,4.783,79.04,15.228,271.1278,51.465,1.5390385483929465,0.148,0
2020-09-15T21:24:50Z,0.536,22.5774,6.4173,3.3436,28.205,26.844494,4.7811,79.021,15.229,271.5242,49.055,1.539966716937033,0.145,0
2020-09-15T21:24:50Z,0.57,22.5784,6.4698,3.2078,28.224,26.862203,4.7777,78.973,15.229,271.5362,46.464,1.5410275647185345,0.134,0
2020-09-15T21:24:50Z,0.601,22.5794,6.5436,3.0496,28.213,26.851179,4.7809,78.902,15.229,271.445,43.94,1.5403583334502746,0.117,0
2020-09-15T21:24:50Z,0.63,22.581,6.5849,3.0098,28.199,26.838073,4.783,78.828,15.229,271.4539,41.68,1.5394955258199476,0.101,0
2020-09-15T21:24:50Z,0.655,22.5825,6.5977,3.0356,28.192,26.830592,4.7807,78.791,15.229,271.5571,39.901,1.5390399170144158,0.087,0
2020-09-15T21:24:50Z,0.674,22.5832,6.5457,3.0525,28.185,26.824147,4.778,78.778,15.229,271.7466,38.691,1.5386119768416,0.077,0
2020-09-15T21:24:50Z,0.688,22.5829,6.4132,3.0429,28.185,26.823582,4.7737,78.782,15.229,272.025,37.796,1.5386220936435993,0.072,0
2020-09-15T21:24:50Z,0.702,22.5816,6.3397,3.0574,28.185,26.823751,4.7675,78.844,15.229,272.4285,37.051,1.538666527010886,0.07,0
2020-09-15T21:24:50Z,0.717,22.5807,6.3534,3.1234,28.188,26.826189,4.7661,78.956,15.23,272.8389,36.382,1.5388701669337566,0.073,0
2020-09-15T21:24:50Z,0.735,22.5801,6.4359,3.1209,28.216,26.853066,4.7665,79.062,15.23,273.2012,35.634,1.5405051130091465,0.08,0
2020-09-15T21:24:50Z,0.758,22.5797,6.5749,3.0267,28.261,26.895003,4.7642,79.166,15.23,273.368,34.7,1.543113701092281,0.086,0
2020-09-15T21:24:50Z,0.784,22.579,6.6514,2.9458,28.254,26.889236,4.7685,79.275,15.229,273.306,33.625,1.542733629457495,0.091,0
2020-09-15T21:24:50Z,0.811,22.5785,6.6737,2.9671,28.209,26.846767,4.7777,79.35,15.229,273.3115,32.461,1.5401551664223117,0.091,0
2020-09-15T21:24:50Z,0.836,22.5786,6.8342,3.0432,28.186,26.825518,4.7833,79.368,15.229,273.5213,31.206,1.538824972527369,0.09,0
2020-09-15T21:24:50Z,0.859,22.578,7.1042,3.0769,28.183,26.822607,4.7888,79.348,15.229,273.7777,30.007,1.538672162904596,0.087,0
2020-09-15T21:24:50Z,0.878,22.578,7.2303,3.0655,28.172,26.811567,4.797,79.301,15.229,273.8309,28.913,1.53803756689498,0.084,0
2020-09-15T21:24:50Z,0.896,22.579,7.2333,3.0435,28.181,26.81889,4.8021,79.219,15.229,273.8198,27.747,1.5385219677733526,0.082,0
2020-09-15T21:24:50Z,0.916,22.5805,7.2173,3.0507,28.212,26.847722,4.8022,79.139,15.229,273.9878,26.546,1.5402577175324257,0.082,0
2020-09-15T21:24:50Z,0.939,22.581,7.1798,3.0842,28.207,26.843019,4.8004,79.085,15.229,274.2283,25.535,1.539951805679358,0.084,0
2020-09-15T21:24:50Z,0.96,22.58,7.1519,3.0709,28.188,26.825453,4.7992,79.034,15.229,274.4048,24.728,1.538890182810651,0.087,0
2020-09-15T21:24:50Z,0.981,22.579,7.1281,3.0271,28.188,26.825623,4.7924,79,15.229,274.4005,23.928,1.5389242404174224,0.091,0
2020-09-15T21:24:50Z,1.004,22.5778,7.1115,3.0348,28.209,26.845077,4.7866,78.986,15.229,274.348,23.14,1.5401760812928194,0.093,0
2020-09-15T21:24:50Z,1.03,22.577,7.093,3.0604,28.235,26.870383,4.7855,78.955,15.228,274.3724,22.438,1.5417026302746628,0.093,0
2020-09-15T21:24:50Z,1.057,22.5771,7.0484,3.0621,28.243,26.877876,4.7812,78.941,15.228,274.4374,21.773,1.5421601722306089,0.092,0
2020-09-15T21:24:50Z,1.083,22.5773,7.0117,3.0556,28.238,26.872243,4.7784,78.961,15.229,274.5309,21.218,1.5418644325235105,0.091,0
2020-09-15T21:24:50Z,1.105,22.5772,6.9927,3.0506,28.232,26.865707,4.7804,78.99,15.229,274.557,20.828,1.5415214458104063,0.088,0
2020-09-15T21:24:50Z,1.122,22.5768,6.9807,3.0699,28.229,26.862267,4.7762,79.05,15.228,274.5806,20.45,1.5413619677072328,0.083,0
2020-09-15T21:24:50Z,1.141,22.5763,6.9806,3.0832,28.196,26.830658,4.7747,79.136,15.229,274.7308,19.945,1.5394757078458454,0.079,0
2020-09-15T21:24:50Z,1.164,22.5754,6.9812,3.0398,28.165,26.800664,4.7785,79.239,15.229,274.9962,19.424,1.5377184715880363,0.078,0
2020-09-15T21:24:50Z,1.185,22.5744,6.9783,2.9917,28.181,26.816756,4.7778,79.337,15.23,275.2086,18.969,1.5386751381021668,0.079,0
2020-09-15T21:24:50Z,1.204,22.5735,6.9554,3.0507,28.2,26.834945,4.7828,79.408,15.23,275.32,18.508,1.5398015685960205,0.082,0
2020-09-15T21:24:50Z,1.223,22.5726,6.9142,3.2047,28.195,26.830299,4.7878,79.474,15.229,275.4824,18.047,1.5395438072669776,0.085,0
2020-09-15T21:24:50Z,1.244,22.5727,6.8812,3.2739,28.188,26.824009,4.7943,79.531,15.228,275.7098,17.581,1.539136324027221,0.087,0
2020-09-15T21:24:50Z,1.267,22.5736,6.8712,3.2354,28.186,26.822318,4.8019,79.583,15.228,275.8324,17.082,1.53898966831771,0.09,0
2020-09-15T21:24:50Z,1.293,22.5744,6.9252,3.1851,28.173,26.809856,4.8038,79.636,15.228,275.7597,16.608,1.5382120395117165,0.092,0
2020-09-15T21:24:50Z,1.318,22.5747,7.0201,3.1457,28.163,26.80019,4.8093,79.671,15.228,275.6915,16.202,1.5376246510981957,0.092,0
2020-09-15T21:24:50Z,1.342,22.5752,7.0742,3.1367,28.196,26.832309,4.8119,79.694,15.229,275.6966,15.856,1.5395101899384693,0.09,0
2020-09-15T21:24:50Z,1.364,22.5755,7.0838,3.1118,28.248,26.881049,4.8146,79.73,15.229,275.7352,15.547,1.5424985788958243,0.085,0
2020-09-15T21:24:50Z,1.386,22.5755,7.0783,3.0507,28.25,26.882079,4.819,79.767,15.229,275.8996,15.3,1.5426135520476738,0.08,0
2020-09-15T21:24:50Z,1.406,22.5755,7.1228,3.1184,28.211,26.844757,4.8207,79.785,15.229,276.1358,15.13,1.5403638925133403,0.076,0
2020-09-15T21:24:50Z,1.423,22.5754,7.2208,3.3128,28.175,26.810367,4.8213,79.785,15.228,276.3542,14.965,1.5382909548934824,0.074,0
2020-09-15T21:24:50Z,1.44,22.5751,7.2713,3.3744,28.147,26.783409,4.8237,79.743,15.228,276.3889,14.788,1.5366863258176133,0.074,0
2020-09-15T21:24:50Z,1.457,22.5749,7.2761,3.314,28.135,26.772531,4.8275,79.671,15.229,276.2979,14.616,1.5360009597527085,0.076,0
2020-09-15T21:24:50Z,1.474,22.5743,7.3937,3.3038,28.17,26.805698,4.8269,79.612,15.23,276.286,14.402,1.538039576294272,0.079,0
2020-09-15T21:24:50Z,1.495,22.5734,7.6255,3.3198,28.235,26.86728,4.8288,79.575,15.23,276.2445,14.126,1.5418189176177837,0.083,0
2020-09-15T21:24:50Z,1.52,22.5729,7.7609,3.3354,28.252,26.882826,4.826,79.559,15.23,276.2271,13.826,1.542816260212874,0.086,0
2020-09-15T21:24:50Z,1.544,22.5723,7.7806,3.3205,28.235,26.866798,4.8197,79.561,15.229,276.4192,13.553,1.5418559186457907,0.087,0
2020-09-15T21:24:50Z,1.566,22.5723,7.7218,3.2776,28.232,26.86378,4.8169,79.582,15.228,276.675,13.301,1.5416825623736121,0.085,0
2020-09-15T21:24:50Z,1.588,22.5721,7.6023,3.332,28.213,26.846336,4.8142,79.606,15.229,276.6529,13.06,1.5405931670576198,0.08,0
2020-09-15T21:24:50Z,1.61,22.5708,7.5374,3.395,28.213,26.846166,4.8141,79.606,15.229,276.5817,12.86,1.5406374816388257,0.075,0
2020-09-15T21:24:50Z,1.628,22.5701,7.5286,3.3522,28.23,26.861734,4.8133,79.561,15.229,276.9323,12.713,1.5416418284380526,0.071,0
2020-09-15T21:24:50Z,1.643,22.5709,7.5242000000000004,3.2263,28.212,26.844278,4.8156,79.496,15.229,277.2792,12.594,1.5405758321371334,0.068,0
2020-09-15T21:24:50Z,1.657,22.572,7.5228,3.0748,28.192,26.825394,4.8171,79.457,15.229,277.0759,12.462,1.5393843317806186,0.063,0
2020-09-15T21:24:50Z,1.673,22.572,7.5303,3.031,28.19,26.823691,4.8181,79.411,15.229,276.7113,12.307,1.5392687008793688,0.058,0
2020-09-15T21:24:50Z,1.693,22.5715,7.5385,3.039,28.191,26.823691,4.8151,79.36,15.229,276.7425,12.149,1.5393432025466656,0.056,0
2020-09-15T21:24:50Z,1.709,22.5707,7.5547,3.001,28.194,26.825393,4.8084,79.334,15.229,277.1089,12.085,1.5395433981403353,0.058,0
2020-09-15T21:24:50Z,1.718,22.5709,7.5935,2.9827,28.214,26.844265,4.8089,79.308,15.229,277.3562,12.131,1.5406899582493143,0.06,0
2020-09-15T21:24:50Z,1.726,22.5715,7.6256,3.0238,28.232,26.861578,4.8053,79.271,15.229,277.3232,12.075,1.5417075400308964,0.062,0
2020-09-15T21:24:50Z,1.743,22.5697,7.6384,3.0863,28.213,26.844434,4.8007,79.223,15.228,277.2258,11.837,1.5406732406427759,0.063,0
2020-09-15T21:24:50Z,1.767,22.5678,7.6334,3.0864,28.195,26.827279,4.8013,79.16,15.228,277.2108,11.592,1.5396997926364462,0.066,0
2020-09-15T21:24:50Z,1.789,22.5675,7.5179,3.094,28.213,26.844439,4.7992,79.105,15.229,277.3138,11.472,1.5407480246946028,0.069,0
2020-09-15T21:24:50Z,1.805,22.5679,7.3099,3.2118,28.231,26.861634,4.797,79.089,15.229,277.525,11.397,1.541772362974981,0.069,0
2020-09-15T21:24:50Z,1.82,22.569,7.2066,3.3088,28.214,26.844884,4.7944,79.096,15.23,277.6988,11.255,1.540753676766946,0.065,0
2020-09-15T21:24:50Z,1.836,22.5701,7.2128,3.3404,28.201,26.832198000000002,4.7901,79.118,15.23,277.781,11.079,1.5399657602432324,0.06,0
2020-09-15T21:24:50Z,1.852,22.5699,7.2708,3.3538,28.205,26.835104,4.7852,79.167,15.23,277.9172,10.928,1.5402030485100833,0.059,0
2020-09-15T21:24:50Z,1.867,22.5685,7.3735,3.3331,28.186,26.816603,4.7855,79.226,15.23,277.969,10.806,1.5391550520624273,0.061,0
2020-09-15T21:24:50Z,1.879,22.5673,7.4349,3.3305,28.167,26.79878,4.7864,79.292,15.229,277.8912,10.696,1.538100209218816,0.063,0
2020-09-15T21:24:50Z,1.893,22.567,7.4692,3.3572,28.178,26.8099,4.7865,79.344,15.229,278.008,10.535,1.5387447642171164,0.065,0
2020-09-15T21:24:50Z,1.911,22.5666,7.7023,3.3465,28.193,26.824196,4.7912,79.367,15.229,278.1761,10.302,1.5396234052335507,0.065,0
2020-09-15T21:24:50Z,1.932,22.5655,8.1174,3.3038,28.213,26.844779,4.7938,79.4,15.229,278.2039,10.091,1.540814472121596,0.066,0
2020-09-15T21:24:50Z,1.952,22.565,8.3399,3.2876,28.238,26.868472,4.7986,79.458,15.23,278.3439,9.9557,1.5422735522009907,0.069,0
2020-09-15T21:24:50Z,1.967,22.5662,8.3606,3.2877,28.225,26.856948,4.8028,79.503,15.23,278.6639,9.8558,1.5414820933135185,0.072,0
2020-09-15T21:24:50Z,1.981,22.5683,8.3491,3.2702,28.199,26.832312,4.8021,79.511,15.229,279.0621,9.7374,1.5399099201090436,0.076,0
2020-09-15T21:24:50Z,1.998,22.5698,8.2858,3.248,28.19,26.82431,4.8035,79.482,15.229,279.3735,9.5617,1.5393390076007964,0.079,0
2020-09-15T21:24:50Z,2.021,22.5705,8.2248,3.2598,28.189,26.823625,4.8085,79.433,15.229,279.417,9.3442,1.5392569017500166,0.083,0
2020-09-15T21:24:50Z,2.047,22.5708,8.2219,3.3094,28.19,26.824025,4.8115,79.388,15.229,279.3302,9.1312,1.5393038225101885,0.087,0
2020-09-15T21:24:50Z,2.073,22.5717,8.2133,3.3333,28.195,26.829157,4.8118,79.353,15.23,279.2699,8.9492,1.5395608288021048,0.088,0
2020-09-15T21:24:50Z,2.096,22.5725,8.1589,3.308,28.187,26.822238,4.8098,79.349,15.23,279.2041,8.7999,1.5390715909119477,0.087,0
2020-09-15T21:24:50Z,2.116,22.5729,8.117,3.2785,28.167,26.803795,4.8058,79.394,15.23,279.2238,8.6563,1.5379041231959711,0.085,0
2020-09-15T21:24:50Z,2.136,22.5731,8.1066,3.2851,28.16,26.796457,4.8035,79.446,15.23,279.2503,8.4868,1.537493264525968,0.083,0
2020-09-15T21:24:50Z,2.156,22.5734,8.0915,3.2855,28.16,26.796938,4.8009,79.464,15.23,279.1798,8.2943,1.5374826557704924,0.082,0
2020-09-15T21:24:50Z,2.177,22.5737,7.9058,3.2481,28.174,26.809616,4.7995,79.467,15.229,279.2309,8.105,1.5382793678349616,0.083,0
2020-09-15T21:24:50Z,2.198,22.5742,7.5673,3.2453,28.189,26.822883,4.8035,79.48,15.229,279.353,7.9266,1.5391268652596188,0.085,0
2020-09-15T21:24:50Z,2.218,22.5744,7.3944,3.2513,28.198,26.830497,4.8083,79.497,15.229,279.4511,7.7489,1.5396387193652492,0.09,0
2020-09-15T21:24:50Z,2.24,22.5742,7.3989,3.2525,28.206,26.83824,4.8082,79.492,15.229,279.6429,7.5689,1.5401066387237075,0.094,0
2020-09-15T21:24:50Z,2.265,22.5735,7.5641,3.2943,28.221,26.85307,4.8078,79.443,15.228,279.7799,7.3657,1.5409954245369464,0.095,0
2020-09-15T21:24:50Z,2.293,22.5715,7.8665,3.3102,28.252,26.882953,4.8091,79.354,15.228,279.8159,7.1278,1.5428518510795355,0.095,0
2020-09-15T21:24:50Z,2.321,22.5699,8.0224,3.2733,28.252,26.8824,4.8107,79.276,15.228,279.906,6.9129,1.5429064782775916,0.095,0
2020-09-15T21:24:50Z,2.346,22.5697,8.0377,3.2598,28.214,26.846386,4.8112,79.253,15.229,280.0952,6.7679,1.5407209695674224,0.095,0
2020-09-15T21:24:50Z,2.366,22.5701,7.9934,3.3534,28.194,26.828082,4.8081,79.243,15.229,280.3819,6.6451,1.5395533382229367,0.094,0
2020-09-15T21:24:50Z,2.385,22.5704,7.8781,3.478,28.219,26.851387,4.8016,79.19,15.23,280.619,6.4779,1.540984731588889,0.092,0
2020-09-15T21:24:50Z,2.409,22.5706,7.7983,3.496,28.244,26.874438,4.7951,79.117,15.23,280.6393,6.2854,1.5424194713011588,0.089,0
2020-09-15T21:24:50Z,2.437,22.5713,7.7808,3.4679,28.223,26.853074,4.7949,79.058,15.229,280.6274,6.1129,1.5411835971137406,0.085,0
2020-09-15T21:24:50Z,2.462,22.5717,7.8482,3.3783,28.218,26.846797,4.7968,79.028,15.229,280.7342,5.977,1.5408810315610386,0.082,0
2020-09-15T21:24:50Z,2.482,22.5708,7.9836,3.2031,28.234,26.86197,4.7918,79.04,15.229,280.8112,5.8879,1.5418345492217354,0.079,0
2020-09-15T21:24:50Z,2.498,22.5695,8.0536,3.1002,28.218,26.846231,4.7869,79.078,15.228,280.8707,5.8163,1.5409561224583017,0.074,0
2020-09-15T21:24:50Z,2.513,22.5681,8.0467,3.095,28.219,26.846784,4.7837,79.105,15.228,280.9367,5.7175,1.5410617371947752,0.071,0
2020-09-15T21:24:50Z,2.529,22.5663,8.0532,3.1748,28.242,26.868657,4.781,79.11,15.229,280.9207,5.5924,1.5424501934865915,0.071,0
2020-09-15T21:24:50Z,2.548,22.5648,8.0936,3.2763,28.23,26.856982,4.7824,79.057,15.229,280.9359,5.4834,1.541809210754066,0.073,0
2020-09-15T21:24:50Z,2.567,22.5637,8.1246,3.2571,28.205,26.832487,4.7863,78.909,15.229,281.2071,5.3968,1.5404045271468285,0.077,0
2020-09-15T21:24:50Z,2.587,22.5629,8.1235,3.1827,28.199,26.8262,4.7876,78.691,15.229,281.5317,5.2798,1.540085644531337,0.08,0
2020-09-15T21:24:50Z,2.609,22.5625,8.0901,3.167,28.219,26.844396,4.7886,78.458,15.229,281.4196,5.1392,1.5412527986207607,0.08,0
2020-09-15T21:24:50Z,2.633,22.5617,7.9494,3.169,28.238,26.862201,4.7872,78.234,15.23,281.142,5.0191,1.5423760417564156,0.076,0
2020-09-15T21:24:50Z,2.654,22.5607,7.7288,3.1393,28.227,26.851188,4.7771,78.008,15.23,281.2726,4.913,1.5417754829469787,0.071,0
2020-09-15T21:24:50Z,2.672,22.5599,7.6063,3.0823,28.213,26.838096,4.7628,77.821,15.229,281.4496,4.8297,1.540994989843095,0.066,0
2020-09-15T21:24:50Z,2.685,22.559,7.585,3.0303,28.205,26.830762,4.7475,77.713,15.229,281.4758,4.7675,1.5405642035346754,0.06,0
2020-09-15T21:24:50Z,2.696,22.5586,7.6527,3.0253,28.2,26.825942,4.7359,77.644,15.229,281.5898,4.6838,1.54028937919743,0.054,0
2020-09-15T21:24:50Z,2.71,22.5587,7.7956,3.0548,28.219,26.843254,4.7205,77.611,15.229,281.451,4.5978,1.541381850458693,0.05,0
2020-09-15T21:24:50Z,2.724,22.5587,7.8626,3.0787,28.226,26.849791,4.7072,77.63,15.23,281.1741,4.5401,1.5417854679671377,0.052,0
2020-09-15T21:24:50Z,2.735,22.5584,7.8516,3.0733,28.218,26.841542,4.7033,77.665,15.23,281.1669,4.4886,1.5413340941731974,0.059,0
2020-09-15T21:24:50Z,2.745,22.5583,7.8437,3.1271,28.249,26.870372,4.6987,77.691,15.229,281.3639,4.4247,1.5431259884425934,0.07,0
2020-09-15T21:24:50Z,2.76,22.558,7.8441,3.2834,28.262,26.881228,4.6955,77.704,15.229,281.5779,4.3203,1.5438862183233113,0.08,0
2020-09-15T21:24:50Z,2.783,22.5575,7.847,3.3832,28.227,26.845941,4.6985,77.698,15.23,281.5164,4.1749,1.541883581583961,0.09,0
2020-09-15T21:24:50Z,2.815,22.5567,7.8595,3.3381,28.207,26.824301,4.7011,77.679,15.23,281.3086,4.0294,1.54075659173322,0.097,0
2020-09-15T21:24:50Z,2.848,22.5549,8.0243,3.2531,28.194,26.809862,4.7025,77.638,15.23,281.3889,3.9032,1.5400678739846376,0.1,0
2020-09-15T21:24:50Z,2.876,22.5512,8.3419,3.2835,28.184,26.798213,4.7044,77.558,15.23,281.7994,3.8031,1.5396176320012849,0.1,0
2020-09-15T21:24:50Z,2.898,22.5469,8.523,3.3619,28.199,26.810304,4.7035,77.453,15.23,282.2278,3.7304,1.5406306771420626,0.095,0
2020-09-15T21:24:50Z,2.918,22.5433,8.536,3.3759,28.219,26.829187,4.7032,77.321,15.23,282.4385,3.6579,1.5419084907228593,0.087,0
2020-09-15T21:24:50Z,2.939,22.5389,8.4415,3.3506,28.226,26.836243,4.7017,77.163,15.23,282.4538,3.5621,1.5424636736681503,0.08,0
2020-09-15T21:24:50Z,2.961,22.535,8.268,3.3308,28.221,26.832193,4.6965,77.037,15.23,282.3275,3.4697,1.5423089712150404,0.075,0
2020-09-15T21:24:50Z,2.981,22.5326,8.193,3.3766,28.232,26.843641,4.6903,77.002,15.23,282.1155,3.4017,1.5430263222203102,0.072,0
2020-09-15T21:24:50Z,2.996,22.5316,8.2024,3.3893,28.236,26.847802,4.6832,77.064,15.23,282.0419,3.3447,1.5432914742434185,0.072,0
2020-09-15T21:24:50Z,3.011,22.5319,8.1907,3.3124,28.205,26.819073,4.6719,77.204,15.23,282.2115,3.2887,1.5414912972097423,0.073,0
2020-09-15T21:24:50Z,3.027,22.5332,8.1752,3.2711,28.199,26.813434,4.6623,77.397,15.23,282.445,3.2301,1.541099947206761,0.074,0
2020-09-15T21:24:50Z,3.047,22.5353,8.1682,3.3011,28.23,26.843058,4.6606,77.626,15.231,282.6286,3.1552,1.5428168063297711,0.077,0
2020-09-15T21:24:50Z,3.07,22.5374,8.1726,3.3329,28.247,26.860098,4.6644,77.858,15.231,282.7114,3.057,1.5437254068961526,0.079,0
2020-09-15T21:24:50Z,3.094,22.5383,8.2091,3.3126,28.214,26.829178,4.6733,78.003,15.23,282.6711,2.966,1.541789115437033,0.081,0
2020-09-15T21:24:50Z,3.116,22.5383,8.3608,3.2613,28.169,26.786352,4.6856,77.988,15.23,282.6578,2.901,1.539191478212751,0.083,0
2020-09-15T21:24:50Z,3.134,22.5383,8.6149,3.2614,28.17,26.786302,4.6992,77.875,15.23,282.7233,2.845,1.5392489093026946,0.083,0
2020-09-15T21:24:50Z,3.152,22.5392,8.7733,3.3136,28.216,26.828558,4.7157,77.78,15.23,282.7739,2.7736,1.5418726716013411,0.082,0
2020-09-15T21:24:50Z,3.174,22.5409,8.7887,3.3436,28.244,26.853267,4.7271,77.753,15.23,282.8385,2.6913,1.5434299040924784,0.082,0
2020-09-15T21:24:50Z,3.197,22.5403,8.5338,3.2816,28.222,26.831334,4.7239,77.824,15.23,282.9025,2.6287,1.542180346734236,0.083,0
2020-09-15T21:24:50Z,3.219,22.5373,8.0468,3.1468,28.207,26.817084,4.7142,78.011,15.23,282.9456,2.5714,1.541417477370233,0.086,0
2020-09-15T21:24:50Z,3.24,22.5347,7.784,3.0878,28.198,26.807831,4.7081,78.257,15.23,283.0155,2.4997,1.5409870915316128,0.089,0
2020-09-15T21:24:50Z,3.261,22.5325,7.778,3.0833,28.172,26.782881,4.7064,78.502,15.23,283.0598,2.4212,1.539561664325493,0.092,0
2020-09-15T21:24:50Z,3.284,22.531,7.784,3.0576,28.157,26.769133,4.7095,78.739,15.23,283.0506,2.3524,1.5387470282480233,0.093,0
2020-09-15T21:24:50Z,3.309,22.53,7.7607,3.1211,28.157,26.76847,4.7226,78.935,15.23,283.0762,2.2908,1.5387809738846505,0.092,0
2020-09-15T21:24:50Z,3.338,22.5294,7.7451,3.2331,28.165,26.77485,4.7401,79.063,15.23,283.1111,2.2151,1.5392629021149136,0.09,0
2020-09-15T21:24:50Z,3.363,22.5298,7.7756,3.2783,28.177,26.782842,4.753,79.099,15.23,283.1283,2.1487,1.5399413709626755,0.087,0
2020-09-15T21:24:50Z,3.382,22.5302,7.911,3.289,28.203,26.801674,4.7693,79.014,15.23,283.1991,2.1033,1.5414282586373251,0.084,0
2020-09-15T21:24:50Z,3.398,22.5289,8.094,3.2602,28.358,26.939113,4.7816,78.886,15.23,283.1926,2.0539,1.550422828139205,0.082,0
2020-09-15T21:24:50Z,3.417,22.5267,8.1669,3.2386,28.624,27.176003,4.7892,78.779,15.231,283.05,1.9985,1.5658668772022915,0.081,0
2020-09-15T21:24:50Z,3.439,22.5218,8.1631,3.2682,28.865,27.382392,4.7948,78.658,15.233,283.023,1.9403,1.5799720333091392,0.084,0
2020-09-15T21:24:50Z,3.46,22.5126,8.1719,3.3095,29.323,27.785324,4.7868,78.443,15.234,283.2106,1.8783,1.6068053734458447,0.09,0
2020-09-15T21:24:50Z,3.483,22.4964,8.1974,3.3257,30.386,28.749311,4.7789,77.984,15.236,283.4249,1.8168,1.6690488615160493,0.096,0
2020-09-15T21:24:50Z,3.508,22.4713,8.2227,3.2576,32.005,30.220406,4.7763,77.024,15.238,283.5489,1.7556,1.7642503306786013,0.101,0
2020-09-15T21:24:50Z,3.536,22.4306,8.2303,3.2073,33.514,31.552343,4.7739,75.297,15.241,283.5924,1.6926,1.8541120746910098,0.104,0
2020-09-15T21:24:50Z,3.566,22.3818,8.241,3.2335,34.386,32.228753,4.768,72.563,15.247,283.6065,1.6299,1.90732956712236,0.104,0
2020-09-15T21:24:50Z,3.595,22.3098,8.3338,3.231,34.861,32.498353,4.7528,68.528,15.255,283.6334,1.5766,1.9383826465754042,0.102,0
2020-09-15T21:24:50Z,3.622,22.2213,8.4936,3.2104,35.206,32.654624,4.7088,62.738,15.262,283.8319,1.5384,1.9626135828426157,0.098,0
2020-09-15T21:24:50Z,3.646,22.1081,8.5809,3.2247,35.441,32.722154,4.6168,54.549,15.269,284.2852,1.5032,1.9815409143076823,0.094,0
2020-09-15T21:24:50Z,3.666,21.8769,8.5881,3.2672,35.611,32.743614,4.4776,44.065,15.274,284.813,1.4663,2.0020338186785596,0.09,0
2020-09-15T21:24:50Z,3.686,21.5929,8.5902,3.3117,35.779,32.787006,4.2589,32.538,15.278,285.309,1.4294,2.0250347251633496,0.087,0
2020-09-15T21:24:50Z,3.709,21.3649,8.5972,3.3174,35.974,32.865974,3.9407,21.208,15.281,285.8076,1.3912,2.0473274974546816,0.086,0
2020-09-15T21:24:50Z,3.732,21.157,8.5959,3.2672,36.188,32.9369,3.4522,10.91,15.286,286.4532,1.3562,2.070042553633279,0.088,0
2020-09-15T21:24:50Z,3.754,20.9509,8.5837,3.2542,36.227,32.819559,2.7696,2.322,15.293,287.3508,1.3164,2.0822121343103865,0.091,0
2020-09-15T21:24:50Z,3.775,20.8049,8.5167,3.2977,36.012,32.46215,2.0306,-4.149,15.301,288.4012,1.2713,2.0760589481985043,0.093,0
2020-09-15T21:24:50Z,3.799,20.6943,8.3964,3.3126,35.926,32.231807,1.3091,-8.266,15.306,289.6024,1.2297,2.0760781538769963,0.092,0
2020-09-15T21:24:50Z,3.826,20.5199,8.3209,3.2966,36.015,32.191517,0.6469,-10.011,15.31,290.4312,1.1904,2.089919315129046,0.087,0
2020-09-15T21:24:50Z,3.853,20.2942,8.2807,3.2759,36.006,32.101742,0.1,-9.957,15.313,289.646,1.1589,2.100301624481273,0.083,0
2020-09-15T21:24:50Z,3.876,20.0622,8.035,3.2343,35.934,31.971046,-0.3151,-8.959,15.315,287.4216,1.1324,2.1071659970739787,0.079,0
2020-09-15T21:24:50Z,3.889,19.8374,7.5911,3.1713,35.914,31.880125,-0.5848,-7.584,15.317,284.5302,1.101,2.116980646324666,0.076,0
2020-09-15T21:24:50Z,3.9,19.6644,7.348,3.1313,35.803,31.700221,-0.683,-6.152,15.321,280.671,1.0691,2.1185910486142463,0.073,0
2020-09-15T21:24:50Z,3.919,19.567,7.3272,3.0938,35.462,31.31841,-0.6563,-4.832,15.325,275.5194,1.0456,2.1019890894176965,0.074,0
2020-09-15T21:24:50Z,3.942,19.4906,7.3488,3.0268,35.124,30.943336,-0.5835,-3.636,15.329,268.6183,1.0254,2.084483421498526,0.079,0
2020-09-15T21:24:50Z,3.963,19.3836,7.7048,2.9737,34.946,30.717981,-0.489,-2.564,15.331,257.6293,0.99667,2.078501261439246,0.085,0
2020-09-15T21:24:50Z,3.983,19.2626,8.3699,3.0008,34.839,30.560286,-0.3933,-1.663,15.333,243.4906,0.95996,2.077660176067842,0.09,0
2020-09-15T21:24:50Z,4.008,19.152,8.7336,3.0466,34.774,30.432299,-0.3101,-0.945,15.336,232.4924,0.92645,2.07896210857832,0.091,0
2020-09-15T21:24:50Z,4.035,19.0403,8.8604,3.0123,34.799,30.375792,-0.2335,-0.363,15.34,225.2304,0.8936,2.0860397241133772,0.09,0
2020-09-15T21:24:50Z,4.06,18.9411,10.0753,2.8253,34.898,30.384492,-0.1624,0.113,15.343,218.8396,0.85662,2.097245612068773,0.088,0
2020-09-15T21:24:50Z,4.082,18.8598,12.3306,2.5378,35.008,30.410507,-0.1035,0.493,15.345,213.8138,0.82995,2.108310054387374,0.085,0
2020-09-15T21:24:50Z,4.101,18.7577,13.5746,2.4202,35.11,30.436483,-0.0591,0.798,15.348,209.5486,0.81972,2.1199509108115477,0.081,0
2020-09-15T21:24:50Z,4.118,18.6376,13.6245,2.4329,35.188,30.44472,-0.0215,1.023,15.35,205.1274,0.81278,2.1310172801675202,0.08,0
2020-09-15T21:24:50Z,4.137,18.5249,12.9051,2.3821,35.182,30.38314,0.0099,1.18,15.351,201.484,0.7914,2.136355146331962,0.082,0
2020-09-15T21:24:50Z,4.158,18.4265,11.5898,2.2867,35.034,30.199384,0.0336,1.301,15.354,198.8791,0.75461,2.131822081017353,0.086,0
2020-09-15T21:24:50Z,4.179,18.3381,10.8735,2.2062,34.798,29.935768,0.0546,1.387,15.358,196.3466,0.72076,2.121070318921593,0.091,0
2020-09-15T21:24:50Z,4.204,18.2544,10.7006,2.1992,34.561,29.669868,0.0692,1.443,15.361,193.7499,0.69588,2.109975009670513,0.096,0
2020-09-15T21:24:50Z,4.232,18.1754,9.3846,2.2021,34.388,29.458454,0.0782,1.501,15.363,191.4882,0.66867,2.1027518179506552,0.1,0
2020-09-15T21:24:50Z,4.259,18.0973,6.9791,2.1722,34.331,29.346104,0.0867,1.554,15.365,189.1334,0.63947,2.102989526003946,0.101,0
2020-09-15T21:24:50Z,4.285,18.0105,5.677,2.181,34.378,29.326392,0.0932,1.59,15.367,186.3583,0.62228000000000006,2.110433390775282,0.101,0
2020-09-15T21:24:50Z,4.312,17.9193,5.5613,2.1717,34.462,29.346912,0.095,1.609,15.369,183.7466,0.61634,2.120543468514704,0.1,0
2020-09-15T21:24:50Z,4.337,17.8293,5.381,2.0596,34.506,29.34039,0.1002,1.616,15.371,181.7319,0.60204,2.1280186271496557,0.099,0
2020-09-15T21:24:50Z,4.359,17.7349,5.0424,1.9243,34.526,29.310918,0.104,1.612,15.373,180.0677,0.57833,2.134177166345289,0.097,0
2020-09-15T21:24:50Z,4.383,17.6432,4.8527,1.9084,34.576,29.307701,0.1064,1.598,15.375,178.4231,0.5613,2.142191237551768,0.095,0
2020-09-15T21:24:50Z,4.41,17.5678,4.832,1.9705,34.686,29.364871,0.10780000000000001,1.599,15.376,176.7324,0.55031,2.153339320404942,0.093,0
2020-09-15T21:24:50Z,4.435,17.5139,4.802,1.9542,34.795,29.431174,0.1081,1.607,15.377,175.1127,0.53997,2.1633351401978,0.092,0
2020-09-15T21:24:50Z,4.456,17.4462,4.4317,1.9527,34.885,29.474948,0.1087,1.593,15.378,173.7239,0.52056,2.172829832032328,0.091,0
2020-09-15T21:24:50Z,4.477,17.3682,3.7404,2.0547,35.149,29.640348,0.1064,1.563,15.38,172.5887,0.50014,2.1944201195573796,0.09,0
2020-09-15T21:24:50Z,4.5,17.318,3.3583,2.1228,35.478,29.844956,0.1072,1.543,15.384,171.6256,0.50242,2.2189154930409813,0.088,0
2020-09-15T21:24:50Z,4.523,17.2913,3.3208,2.1593,35.493,29.791821,0.1088,1.544,15.387,170.769,0.50978,2.2213507434146478,0.087,0
2020-09-15T21:24:50Z,4.546,17.2587,3.2111,2.2546,35.069,29.378455,0.10780000000000001,1.546,15.388,169.8028,0.49608,2.1949523124381534,0.088,0
2020-09-15T21:24:50Z,4.569,17.1692,2.986,2.3479,34.432,28.78008,0.1047,1.523,15.391,168.891,0.47353,2.157387050856821,0.089,0
2020-09-15T21:24:50Z,4.59,17.0495,2.8592,2.3953,34.065,28.393074,0.1037,1.493,15.395,168.1767,0.45926,2.1392441896965235,0.091,0
2020-09-15T21:24:50Z,4.611,16.9585,2.8612,2.4496000000000002,34.07,28.314966,0.1039,1.479,15.398,167.5335,0.45101,2.1443342911568375,0.092,0
2020-09-15T21:24:50Z,4.635,16.8872,2.9038,2.4888,34.105,28.279628,0.1061,1.475,15.401,167.0506,0.43251,2.1504134732668465,0.092,0
2020-09-15T21:24:50Z,4.662,16.7975,2.9558,2.4573,34.096,28.219469,0.1035,1.479,15.404,166.5546,0.41261,2.15453545260819,0.092,0
2020-09-15T21:24:50Z,4.688,16.6723,2.9747,2.3786,34.174,28.22187,0.1007,1.456,15.407,165.9236,0.41748,2.166400452239853,0.092,0
2020-09-15T21:24:50Z,4.71,16.5389,2.9895,2.3609,34.297,28.245152,0.1013,1.394,15.41,165.0146,0.42582,2.1818076907382693,0.091,0
2020-09-15T21:24:50Z,4.73,16.4445,3.0202,2.484,34.392,28.247132,0.1,1.347,15.412,163.6507,0.41001,2.1933066796427996,0.088,0
2020-09-15T21:24:50Z,4.752,16.3859,3.0408,2.6307,34.453,28.24572,0.1022,1.34,15.414,162.1672,0.38784,2.2006075286844,0.084,0
2020-09-15T21:24:50Z,4.776,16.3016,3.0475,2.6583,34.466,28.228023,0.1015,1.332,15.416,160.8441,0.3782,2.2060712899020727,0.081,0
2020-09-15T21:24:50Z,4.797,16.1723,3.0445,2.6113,34.413,28.159989,0.0954,1.307,15.417,159.612,0.37296,2.2095231922133256,0.078,0
2020-09-15T21:24:50Z,4.815,16.0482,2.966,2.6119,34.342,28.057454,0.0911,1.287,15.418,158.628,0.37086,2.2114752666079385,0.076,0
2020-09-15T21:24:50Z,4.833,15.9731,2.8228,2.6658,34.352,28.003171,0.0932,1.277,15.421,158.067,0.37547,2.21628290615122,0.076,0
2020-09-15T21:24:50Z,4.85,15.9438,2.7435,2.679,34.433,28.011056,0.0928,1.272,15.423,157.7327,0.37381,2.223442003900237,0.075,0
2020-09-15T21:24:50Z,4.869,15.9231,2.7229,2.6691,34.501,28.025843,0.0899,1.254,15.425,157.5118,0.35509,2.2292447427297413,0.075,0
2020-09-15T21:24:50Z,4.89,15.8592,2.7167,2.6837,34.569,28.055038,0.0891,1.226,15.425,157.3745,0.3351,2.2374555340062074,0.074,0
2020-09-15T21:24:50Z,4.912,15.7523,2.7262,2.6838,34.819,28.23716,0.0882,1.201,15.426,157.1906,0.33389,2.2606295043816482,0.072,0
2020-09-15T21:24:50Z,4.931,15.659,2.7318,2.6706,35.517,28.768833,0.0891,1.174,15.428,156.9235,0.34321,2.3141144501019233,0.072,0
2020-09-15T21:24:50Z,4.946,15.6062,2.7281,2.6614,36.309,29.345053,0.0877,1.14,15.431,156.5545,0.35048,2.3720398911350373,0.072,0
2020-09-15T21:24:50Z,4.961,15.5695,2.72,2.6748,36.745,29.621634,0.0849,1.112,15.433,155.999,0.3506,2.404490430856612,0.073,0
2020-09-15T21:24:50Z,4.978,15.5506,2.738,2.7642,37.389,30.082851,0.0839,1.106,15.435,155.3689,0.33842,2.4504148482684,0.077,0
2020-09-15T21:24:50Z,4.998,15.5194,2.7742,2.8842,38.334,30.797847,0.082,1.118,15.437,154.8724,0.31993,2.5182071311214247,0.082,0
2020-09-15T21:24:50Z,5.021,15.4155,2.7958,2.9237,38.857,31.161065,0.0796,1.146,15.44,154.4702,0.31423,2.5613781785066303,0.087,0
2020-09-15T21:24:50Z,5.046,15.2874,2.8085,2.8987,38.884,31.11197,0.0771,1.181,15.442,154.033,0.31013,2.5715227476014633,0.091,0
2020-09-15T21:24:50Z,5.071,15.2166,2.8418,2.8903,38.704,30.902044,0.0772,1.179,15.444,153.63,0.29038,2.5634345388651445,0.093,0
2020-09-15T21:24:50Z,5.095,15.1771,2.9033,2.8917,38.458,30.652983,0.0785,1.159,15.447,153.3833,0.28492,2.5486593223362135,0.093,0
2020-09-15T21:24:50Z,5.119,15.1027,2.9318,2.8805,38.345,30.511366,0.0797,1.152,15.45,153.1155,0.2925,2.5454686548384178,0.092,0
2020-09-15T21:24:50Z,5.143,14.9983,2.9293,2.8582,38.428,30.522005,0.0851,1.132,15.452,152.4569,0.28586,2.558048016874409,0.089,0
2020-09-15T21:24:50Z,5.166,14.9066,3.006,2.8283,38.495,30.527782,0.0841,1.092,15.454,151.3572,0.27646,2.5687292232911214,0.086,0
2020-09-15T21:24:50Z,5.187,14.8498,3.1626,2.8617,38.447,30.454274,0.0805,1.05,15.455,150.2303,0.26525,2.569013756010188,0.084,0
2020-09-15T21:24:50Z,5.207,14.7874,3.259,2.9197,38.421,30.394489,0.0829,1.015,15.456,149.1563,0.25017,2.5712261716806353,0.084,0
2020-09-15T21:24:50Z,5.227,14.7038,3.2656,2.8775,38.542,30.439299,0.0809,1.007,15.457,147.7495,0.24715,2.5853021546640633,0.085,0
2020-09-15T21:24:50Z,5.248,14.64,3.271,2.7973,38.825,30.615367,0.0774,1.027,15.459,146.1256,0.24666,2.6096979888109897,0.086,0
2020-09-15T21:24:50Z,5.271,14.6049,3.3814,2.842,39.277,30.937191,0.0749,1.04,15.461,144.5795,0.23574,2.644351704885877,0.087,0
2020-09-15T21:24:50Z,5.295,14.5612,3.5699,2.9712,39.849,31.348557,0.0715,1.035,15.463,142.9083,0.22645,2.6882856440324607,0.087,0
2020-09-15T21:24:50Z,5.32,14.4819,3.6628,3.0216,40.475,31.782466,0.0708,1.039,15.465,140.8903,0.22105,2.7387243384186917,0.087,0
2020-09-15T21:24:50Z,5.342,14.4128,3.6746,3.0051,41.16,32.249846,0.0737,1.042,15.467,138.9363,0.21394,2.792950395055542,0.086,0
2020-09-15T21:24:50Z,5.361,14.3828,3.7597,2.9776,41.803,32.68511,0.0755,1.019,15.468,137.6085,0.21637,2.8415527655893125,0.085,0
2020-09-15T21:24:50Z,5.381,14.3438,3.9095,2.9633,42.091,32.857528,0.0732,0.989,15.47,136.7097,0.22052,2.8652325725963803,0.084,0
2020-09-15T21:24:50Z,5.403,14.2654,3.9984,2.9695,41.906,32.684794,0.0745,0.987,15.472,135.8982,0.20832,2.8575543388109352,0.081,0
2020-09-15T21:24:50Z,5.426,14.1717,4.0052,2.915,41.679,32.500055,0.0759,1.005,15.473,135.1965,0.19843,2.8479090659322917,0.078,0
2020-09-15T21:24:50Z,5.448,14.0858,3.9921,2.8196,41.796,32.590786,0.0736,1.008,15.473,134.5062,0.20022,2.8627065195753656,0.073,0
2020-09-15T21:24:50Z,5.467,14.0173,3.9925,2.8121,42.355,33.020421,0.0702,0.98,15.474,133.7476,0.19957,2.90856285289316,0.068,0
2020-09-15T21:24:50Z,5.481,13.984,3.9995,2.8933,43.33,33.760824,0.0703,0.935,15.474,132.8207,0.19751,2.9824135001018806,0.063,0
2020-09-15T21:24:50Z,5.493,13.9836,4.001,2.9432,44.491,34.626662,0.0733,0.905,15.474,131.6444,0.19707,3.0675858946212804,0.06,0
2020-09-15T21:24:50Z,5.505,13.9877,4.0112,2.9337,45.681,35.493959,0.0734,0.902,15.476,130.5383,0.20032,3.1547037838902496,0.06,0
2020-09-15T21:24:50Z,5.52,13.9822,4.0361,2.9509,47.14,36.568912,0.0717,0.919,15.478,129.7718,0.20125,3.262618318791348,0.063,0
2020-09-15T21:24:50Z,5.537,13.9627,4.0632,3.0137,48.921,37.914289,0.0665,0.934,15.479,129.1734,0.18745,3.3958668572952897,0.068,0
2020-09-15T21:24:50Z,5.557,13.9216,4.0916,3.0749,50.189,38.877565,0.065,0.932,15.48,128.466,0.17562,3.4934973219251764,0.073,0
2020-09-15T21:24:50Z,5.577,13.848,4.1789,3.1414,50.476,39.07667,0.0644,0.932,15.48,127.672,0.17254,3.521476557503902,0.077,0
2020-09-15T21:24:50Z,5.597,13.7726,4.3079,3.1995,50.316,38.925347,0.0667,0.96,15.48,126.8861,0.15837,3.5164006190873613,0.078,0
2020-09-15T21:24:50Z,5.617,13.7408,4.3549,3.2281,49.969,38.634642,0.0684,0.98,15.481,126.019,0.14696,3.4934067006993605,0.076,0
2020-09-15T21:24:50Z,5.638,13.7321,4.3374,3.2816,49.464,38.227411,0.0676,0.952,15.482,125.0179,0.14769,3.4565437113537074,0.071,0
2020-09-15T21:24:50Z,5.658,13.7072,4.2772,3.3998,48.855,37.746117,0.0666,0.928,15.482,123.9873,0.1528,3.413377897429698,0.066,0
2020-09-15T21:24:50Z,5.674,13.6749,4.1607,3.4905,48.477,37.448327,0.0691,0.917,15.482,122.9363,0.15918,3.388053808420795,0.062,0
2020-09-15T21:24:50Z,5.686,13.6528,4.0828,3.4857,48.687,37.609697,0.0743,0.901,15.482,121.8615,0.15395,3.40564713572025,0.058,0
2020-09-15T21:24:50Z,5.697,13.6366,4.0603,3.4791,48.856,37.729846,0.0678,0.899,15.482,120.9727,0.14725,3.4196836036465443,0.056,0
2020-09-15T21:24:50Z,5.711,13.6262,4.0516,3.4791,48.536,37.441355,0.0671,0.911,15.483,120.1911,0.14929,3.3967214854096204,0.056,0
2020-09-15T21:24:50Z,5.727,13.6174,4.0537,3.4167,48.186,37.104359,0.0674,0.906,15.485,119.3801,0.14852,3.3713823249170956,0.058,0
2020-09-15T21:24:50Z,5.742,13.6229,4.0665,3.3085,48.338,37.145696,0.0648,0.892,15.487,118.7388,0.14656,3.3822385546949176,0.063,0
2020-09-15T21:24:50Z,5.758,13.6248,4.0723,3.234,48.971,37.560288,0.0647,0.897,15.49,118.202,0.14474,3.4293100060442776,0.068,0
2020-09-15T21:24:50Z,5.774,13.577,4.0572,3.2372,49.613,37.991885,0.0669,0.9,15.492,117.5358,0.13997,3.481572491838871,0.073,0
2020-09-15T21:24:50Z,5.794,13.5001,4.0078,3.2795,49.918,38.175328,0.0668,0.892,15.493,116.6201,0.13826,3.5113890959962926,0.077,0
2020-09-15T21:24:50Z,5.817,13.4182,3.9324,3.2985,49.915,38.128117,0.0638,0.9,15.495,115.4763,0.13601,3.5186287073580296,0.081,0
2020-09-15T21:24:50Z,5.839,13.3423,3.8894,3.2618,49.871,38.055676,0.0659,0.906,15.497,114.2898,0.13192,3.5222552538936047,0.082,0
2020-09-15T21:24:50Z,5.861,13.2822,3.879,3.2128,49.917,38.061,0.0667,0.89,15.497,113.0291,0.13154,3.531232539330969,0.082,0
2020-09-15T21:24:50Z,5.881,13.2325,3.9402,3.2899,50.031,38.128995,0.0644,0.881,15.497,111.5906,0.13095,3.5444148622219767,0.08,0
2020-09-15T21:24:50Z,5.902,13.1888,4.077,3.4392,50.192,38.243104,0.066,0.884,15.498,109.8886,0.12912,3.5606310835031927,0.078,0
2020-09-15T21:24:50Z,5.922,13.1482,4.1407,3.5065,50.444,38.425199,0.068,0.871,15.498,108.1947,0.12971,3.5834923055821015,0.078,0
2020-09-15T21:24:50Z,5.94,13.1158,4.1373,3.5541,50.812,38.680527,0.0649,0.849,15.499,107.114,0.13025,3.6144395939859257,0.079,0
2020-09-15T21:24:50Z,5.956,13.0978,4.1702,3.6371000000000002,51.177,38.91844,0.064,0.838,15.5,106.4584,0.12861,3.6438575026936166,0.08,0
2020-09-15T21:24:50Z,5.977,13.0939,4.214,3.7213,51.451,39.080339,0.0659,0.833,15.5,105.6883,0.12576,3.665049676382881,0.08,0
2020-09-15T21:24:50Z,6.002,13.0901,4.228,3.7481,51.632,39.178186,0.0644,0.831,15.5,104.7716,0.12396,3.679172953217097,0.08,0
2020-09-15T21:24:50Z,6.026,13.0673,4.2351,3.7203,51.717,39.212884,0.0617,0.824,15.502,103.8916,0.12386,3.6878296715005883,0.079,0
2020-09-15T21:24:50Z,6.045,13.0221,4.2904,3.6254,51.71,39.182491,0.062,0.806,15.504,103.051,0.12481,3.6916519396842937,0.077,0
2020-09-15T21:24:50Z,6.061,12.9714,4.3818,3.4931,51.669,39.128019,0.0612,0.794,15.504,102.1794,0.12566,3.69341934352087,0.075,0
2020-09-15T21:24:50Z,6.078,12.9328,4.4339,3.4599,51.607,39.061999,0.0615,0.799,15.504,101.4399,0.12475,3.6924157445778736,0.074,0
2020-09-15T21:24:50Z,6.095,12.9073,4.4528,3.4992,51.486,38.955461,0.0614,0.816,15.505,100.7355,0.12377,3.6856363183020684,0.075,0
2020-09-15T21:24:50Z,6.114,12.8841,4.4576,3.5218,51.381,38.855369,0.0594,0.836,15.506,99.8572,0.12368,3.6798500411811044,0.077,0
2020-09-15T21:24:50Z,6.136,12.8598,4.397,3.5616,51.267,38.740342,0.058,0.848,15.506,99.0801,0.12367,3.6734749765013324,0.081,0
2020-09-15T21:24:50Z,6.159,12.8397,4.3011,3.6368,51.099,38.580152,0.0589,0.845,15.507,98.4808,0.12367,3.662559210805235,0.084,0
2020-09-15T21:24:50Z,6.179,12.8297,4.2618,3.7098,51.049,38.505184,0.0602,0.834,15.509,97.8606,0.12368,3.659693580418512,0.085,0
2020-09-15T21:24:50Z,6.201,12.8135,4.2654,3.7576,51.214,38.595484,0.0621,0.829,15.51,97.3456,0.12366,3.6738750761677577,0.085,0
2020-09-15T21:24:50Z,6.225,12.7804,4.2872,3.8378,51.499,38.783375,0.0634,0.829,15.511,97.0725,0.12368,3.6989033017893393,0.083,0
2020-09-15T21:24:50Z,6.247,12.7497,4.3344,3.9586,51.827,38.999813,0.0627,0.811,15.512,96.709,0.12375,3.727049538748365,0.08,0
2020-09-15T21:24:50Z,6.267,12.7102,4.3698,3.9814,52.119,39.181364,0.0617,0.774,15.513,96.134,0.12379,3.7533546229534935,0.076,0
2020-09-15T21:24:50Z,6.286,12.6724,4.3899,3.9758,52.192,39.201304,0.0611,0.764,15.513,95.6267,0.12377,3.762700162704704,0.072,0
2020-09-15T21:24:50Z,6.303,12.655,4.5204,4.3372,52.106,39.113926,0.0622,0.795,15.514,95.0488,0.12373,3.7578006283239005,0.068,0
2020-09-15T21:24:50Z,6.318,12.6256,4.7549,4.9872,52.148,39.140372,0.0613,0.82,15.514,94.2234,0.12376,3.763941777485557,0.066,0
2020-09-15T21:24:50Z,6.334,12.5841,4.88,5.3111,52.482,39.394116,0.0566,0.822,15.514,93.3052,0.12381,3.7938188317106962,0.065,0
2020-09-15T21:24:50Z,6.351,12.5473,4.8889,5.3008,53.077,39.83351,0.055,0.819,15.514,92.5499,0.12383,3.8434731449751656,0.066,0
2020-09-15T21:24:50Z,6.368,12.5227,4.9099,5.2752,53.688,40.263922,0.0601,0.82,15.515,91.9743,0.12382,3.8932524866067744,0.07,0
2020-09-15T21:24:50Z,6.383,12.5213,4.9521,5.2422,54.108,40.535914,0.062,0.83,15.515,91.3353,0.12382,3.925928050931087,0.074,0
2020-09-15T21:24:50Z,6.401,12.5312,4.9701,5.1764,54.477,40.773565,0.0609,0.831,15.516,90.6743,0.12382,3.9534950685859167,0.076,0
2020-09-15T21:24:50Z,6.424,12.5301,4.9563,5.1314,55.123,41.23305,0.0611,0.811,15.517,90.1779,0.12382,4.003703391931614,0.077,0
2020-09-15T21:24:50Z,6.447,12.5007,4.8806,5.0412,56.041,41.902048,0.0605,0.787,15.518,89.7212,0.12382,4.078132293191621,0.077,0
2020-09-15T21:24:50Z,6.467,12.4522,4.7597,4.8755,56.804,42.45109,0.0623,0.779,15.519,89.2823,0.12381,4.1427854302195515,0.076,0
2020-09-15T21:24:50Z,6.485,12.4135,4.7065,4.7759,57.044,42.602686,0.0629,0.78,15.52,89.0021,0.12375,4.165746929330963,0.071,0
2020-09-15T21:24:50Z,6.503,12.3967,4.7047,4.695,56.812,42.401867,0.0605,0.77,15.52,88.6565,0.12369,4.1494832693663595,0.063,0
2020-09-15T21:24:50Z,6.52,12.3839,4.6993,4.619,56.455,42.117822,0.0583,0.766,15.52,87.9426,0.1237,4.123018391748649,0.054,0
2020-09-15T21:24:50Z,6.535,12.3654,4.6802,4.5776,56.587,42.215335,0.0576,0.769,15.519,87.0815,0.12369,4.135340964909444,0.048,0
2020-09-15T21:24:50Z,6.545,12.3403,4.6448,4.5041,57.392,42.819082,0.0596,0.765,15.519,86.5043,0.12366,4.201028606759776,0.045,0
2020-09-15T21:24:50Z,6.551,12.3106,4.6333,4.4511,58.163,43.387003,0.057,0.766,15.52,86.0393,0.12369,4.264731120753805,0.045,0
2020-09-15T21:24:50Z,6.557,12.2929,4.6465,4.4516,58.843,43.876523,0.057,0.773,15.521,85.4174,0.12374,4.320081723184635,0.048,0
2020-09-15T21:24:50Z,6.568,12.2961,4.7377,4.4761,59.775,44.547816,0.0583,0.772,15.521,84.8361,0.12378,4.3929173332916065,0.054,0
2020-09-15T21:24:50Z,6.587,12.3064,4.9057,4.4731,60.884,45.345374,0.0567,0.762,15.522,84.345,0.1238,4.478923593082749,0.06,0
2020-09-15T21:24:50Z,6.607,12.298400000000001,4.9997,4.4491,62.531,46.535993,0.0571,0.758,15.523,83.7823,0.12381,4.609654468621203,0.066,0
2020-09-15T21:24:50Z,6.625,12.2804,5.0071,4.4611,64.151,47.705212,0.0581,0.768,15.524,83.109,0.1238,4.7398502834404805,0.071,0
2020-09-15T21:24:50Z,6.642,12.2622,4.9371,4.4459,65.005,48.307237,0.0585,0.783,15.524,82.3989,0.12378,4.809754635616836,0.074,0
2020-09-15T21:24:50Z,6.66,12.2385,4.8116,4.4028,65.877,48.925764,0.0567,0.799,15.524,81.6485,0.12377,4.881942019369918,0.076,0
2020-09-15T21:24:50Z,6.679,12.2092,4.7485,4.3863,66.906,49.659217,0.0566,0.809,15.525,80.8335,0.12377,4.9675189296888576,0.078,0
2020-09-15T21:24:50Z,6.7,12.1776,4.7361,4.3835,67.756,50.253666,0.0576,0.802,15.527,80.116,0.12377,5.0393791851667205,0.08,0
2020-09-15T21:24:50Z,6.723,12.1515,4.6902,4.265,68.346,50.651796,0.0589,0.792,15.528,79.4266,0.1237,5.08993425961502,0.08,0
2020-09-15T21:24:50Z,6.744,12.1325,4.6138,3.9846,68.405,50.662611,0.0598,0.787,15.528,78.4341,0.1237,5.097211886235458,0.078,0
2020-09-15T21:24:50Z,6.764,12.1097,4.5757,3.774,68.226,50.511404,0.0619,0.776,15.527,77.0645,0.12376,5.085998676953208,0.074,0
2020-09-15T21:24:50Z,6.783,12.0822,4.5727,3.7105,68.79,50.919247,0.0603,0.757,15.527,75.6859,0.12372,5.1348150087654725,0.069,0
2020-09-15T21:24:50Z,6.8,12.0515,4.5686,3.6627,70.484,52.164321,0.0592,0.74,15.528,74.4137,0.12367,5.274767622143069,0.067,0
2020-09-15T21:24:50Z,6.814,12.024,4.5727,3.5738,72.662,53.752646,0.0599,0.743,15.528,72.9527,0.12366,5.4537201843020755,0.067,0
2020-09-15T21:24:50Z,6.827,12.0124,4.5754,3.5278,74.688,55.197854,0.0583,0.76,15.529,71.2722,0.12366,5.618739008987195,0.069,0
2020-09-15T21:24:50Z,6.844,12.0066,4.5732,3.5534,76.453,56.426419,0.0576,0.784,15.531,69.7547,0.12372,5.762238112688331,0.074,0
2020-09-15T21:24:50Z,6.866,12.0049,4.5744,3.54,78.429,57.808237,0.0546,0.797,15.533,68.7999,0.12376,5.922531921617546,0.08,0
2020-09-15T21:24:50Z,6.888,11.9943,4.5233,3.571,80.324,59.136159,0.0559,0.776,15.534,68.2455,0.12376,6.078056257278914,0.085,0
2020-09-15T21:24:50Z,6.911,11.9561,4.4224,3.6882,81.202,59.712539,0.0573,0.742,15.536,67.6977,0.1238,6.155710688662374,0.087,0
2020-09-15T21:24:50Z,6.936,11.8988,4.3739,3.7556,81.523,59.885152,0.059,0.737,15.537,67.0808,0.12379,6.191306766669993,0.086,0
2020-09-15T21:24:50Z,6.961,11.8484,4.3759,3.8019,82.355,60.460693,0.0619,0.764,15.537,66.466,0.12372,6.26764393925072,0.083,0
2020-09-15T21:24:50Z,6.981,11.8106,4.3618,3.7332,84.414,61.969587,0.0589,0.769,15.536,65.8569,0.12366,6.442705091530705,0.079,0
2020-09-15T21:24:50Z,6.997,11.765,4.3272,3.5441,87.548,64.27692,0.0556,0.733,15.536,65.2229,0.12366,6.708410420555013,0.074,0
2020-09-15T21:24:50Z,7.015,11.7193,4.3003,3.4725,90.248,66.244401,0.0543,0.71,15.536,64.4788,0.12369,6.939701909789186,0.071,0
2020-09-15T21:24:50Z,7.032,11.6958,4.2939,3.5189,92.297,67.709906,0.0587,0.713,15.537,63.657,0.12376,7.113878667467252,0.07,0
2020-09-15T21:24:50Z,7.048,11.7,4.2594,3.6246,95.625,70.110861,0.0608,0.716,15.538,62.7725,0.12386,7.389586841218421,0.072,0
2020-09-15T21:24:50Z,7.066,11.7133,4.1887,3.7547,100.43,73.597629,0.0543,0.717,15.538,61.7,0.12388,7.787599038295257,0.075,0
2020-09-15T21:24:50Z,7.086,11.7049,4.1452,3.787,104.353,76.428338,0.0531,0.708,15.539,60.2397,0.12387,8.117854459191706,0.076,0
2020-09-15T21:24:50Z,7.108,11.676,4.1242,3.7414,106.414,77.88727,0.0546,0.688,15.54,58.2797,0.12385,8.297325912549878,0.076,0
2020-09-15T21:24:50Z,7.13,11.6551,4.0679,3.6835,107.344,78.519699,0.0542,0.691,15.542,55.3821,0.1238,8.380268425117539,0.073,0
2020-09-15T21:24:50Z,7.151,11.6412,3.9799,3.6015,107.693,78.733144,0.0548,0.732,15.542,50.8449,0.12378,8.412799189964142,0.067,0
2020-09-15T21:24:50Z,7.168,11.6191,3.9367,3.5741,107.848,78.814527,0.0546,0.758,15.541,45.6662,0.12379,8.430857368408697,0.062,0
2020-09-15T21:24:50Z,7.18,11.5933,3.937,3.5922,107.958,78.867711,0.0518,0.751,15.541,41.8949,0.12379,8.445978604641994,0.057,0
2020-09-15T21:24:50Z,7.19,11.5698,3.9356,3.5127,107.907,78.80381,0.0505,0.748,15.541,39.9202,0.1238,8.446999280952816,0.053,0
2020-09-15T21:24:50Z,7.201,11.5498,3.9292,3.3332,107.59,78.550635,0.0566,0.742,15.542,38.6538,0.1238,8.424751617996964,0.052,0
2020-09-15T21:24:50Z,7.215,11.5356,3.9181,3.2076,106.979,78.095957,0.0595,0.721,15.542,37.3383,0.12378,8.376340202056992,0.053,0
2020-09-15T21:24:50Z,7.23,11.5249,3.9151,3.1949,106.423,77.694257,0.0562,0.711,15.542,35.8883,0.12378,8.33178022885747,0.056,0
2020-09-15T21:24:50Z,7.245,11.5115,3.951,3.3506,106.425,77.700048,0.0572,0.713,15.542,34.372,0.12373,8.334947883941878,0.061,0
2020-09-15T21:24:50Z,7.259,11.4989,4.027,3.6146,106.73,77.911628,0.0577,0.71,15.542,33.1151,0.12368,8.3635482311566,0.065,0
2020-09-15T21:24:50Z,7.275,11.4955,4.0802,3.7432,106.851,77.96314,0.0542,0.706,15.542,32.3062,0.12373,8.374540679213588,0.067,0
2020-09-15T21:24:50Z,7.295,11.5002,4.0802,3.7387,106.799,77.87769,0.0538,0.705,15.542,31.389,0.12373,8.369084370107032,0.065,0
2020-09-15T21:24:50Z,7.316,11.5043,4.0075,3.6285,106.687,77.768695,0.055,0.714,15.543,29.5108,0.12369,8.35869320154603,0.062,0
2020-09-15T21:24:50Z,7.334,11.5026,3.8784,3.4746,106.804,77.853502,0.053900000000000003,0.73,15.543,26.6325,0.12375,8.368962246494087,0.061,0
2020-09-15T21:24:50Z,7.346,11.4823,3.7966,3.4239,107.711,78.521521,0.0538,0.725,15.543,23.6898,0.1238,8.450269667991181,0.062,0
2020-09-15T21:24:50Z,7.355,11.4513,3.7815,3.4271,109.063,79.486226,0.053900000000000003,0.699,15.543,21.0337,0.12377,8.5719175488268,0.065,0
2020-09-15T21:24:50Z,7.367,11.44,3.7634,3.4453,110.008,80.105508,0.0535,0.674,15.544,18.5226,0.12372,8.654729004609086,0.072,0
2020-09-15T21:24:50Z,7.386,11.4416,3.6062,3.4714,110.293,80.221783,0.0572,0.676,15.545,16.6452,0.12372,8.678555102570797,0.081,0
2020-09-15T21:24:50Z,7.412,11.4512,3.3202,3.4679,109.938,79.874391,0.0557,0.697,15.547,15.542,0.12376,8.646174150394833,0.089,0
2020-09-15T21:24:50Z,7.441,11.4496,3.1476,3.4716,109.596,79.530249,0.0538,0.699,15.548,14.562,0.12375,8.6175172218302,0.094,0
2020-09-15T21:24:50Z,7.47,11.4085,3.112,3.5163,109.673,79.495008,0.0505,0.702,15.55,13.4001,0.12372,8.633591589312188,0.094,0
2020-09-15T21:24:50Z,7.495,11.3623,2.9858,3.4594,109.785,79.511803,0.0504,0.715,15.55,12.249,0.12375,8.653864268033557,0.091,0
2020-09-15T21:24:50Z,7.515,11.3274,2.7468,3.2299,109.977,79.606054,0.0551,0.706,15.55,11.2266,0.12378,8.67835520452294,0.086,0
2020-09-15T21:24:50Z,7.532,11.281,2.6156,3.0765,110.323,79.807772,0.0531,0.666,15.551,10.2443,0.12377,8.718727543212761,0.08,0
2020-09-15T21:24:50Z,7.552,11.2329,2.6106,3.0807,110.545,79.915572,0.0534,0.638,15.551,8.8045,0.12377,8.749013214920502,0.074,0
2020-09-15T21:24:50Z,7.572,11.2055,2.6296,3.0752,110.654,79.955421,0.0554,0.637,15.552,6.5518,0.12377,8.76480514597414,0.069,0
2020-09-15T21:24:50Z,7.592,11.1917,2.6542,3.0432,110.79,80.035131,0.0559,0.648,15.553,3.9141,0.12378,8.77970324141087,0.066,0
2020-09-15T21:24:50Z,7.607,11.1691,2.6597,3.0033,111.353,80.434131,0.0504,0.68,15.553,1.6062,0.12383,8.833263849115724,0.064,0
2020-09-15T21:24:50Z,7.62,11.1403,2.6579,2.97,112.718,81.408833,0.048,0.705,15.553,0.1565,0.12387,8.957189028889449,0.063,0
2020-09-15T21:24:50Z,7.633,11.1223,2.652,3.0535,113.966,82.279754,0.0495,0.711,15.554,-0.5363,0.12387,9.068733642583192,0.062,0
2020-09-15T21:24:50Z,7.648,11.1161,2.6359,3.2229,114.255,82.441419,0.0484,0.72,15.555,-1.0058,0.12388,9.095093952927177,0.062,0
2020-09-15T21:24:50Z,7.667,11.1138,2.625,3.3009,114.087,82.282202,0.0527,0.714,15.555,-1.5618,0.12387,9.081215200425133,0.061,0
2020-09-15T21:24:50Z,7.687,11.1124,2.6061,3.2419,113.986,82.199231,0.0555,0.698,15.555,-2.6132,0.12379,9.072874625312675,0.059,0
2020-09-15T21:24:50Z,7.703,11.1002,2.5226,3.0584,114.142,82.328696,0.0537,0.694,15.555,-4.1679,0.12374,9.089282248008901,0.059,0
2020-09-15T21:24:50Z,7.714,11.0729,2.3966,2.8673,114.81,82.829871,0.0563,0.689,15.554,-5.7328,0.12375,9.153502474658163,0.059,0
2020-09-15T21:24:50Z,7.724,11.0533,2.3329,2.8202,115.995,83.679145,0.0555,0.69,15.554,-7.1657,0.12375,9.26050108621007,0.059,0
2020-09-15T21:24:50Z,7.737,11.0494,2.324,2.8664,117.209,84.518778,0.0527,0.692,15.555,-8.3284,0.12373,9.366232524204223,0.061,0
2020-09-15T21:24:50Z,7.754,11.0598,2.317,2.9108,118.175,85.157566,0.0541,0.681,15.555,-9.2946,0.12369,9.446998834978231,0.064,0
2020-09-15T21:24:50Z,7.774,11.0758,2.2962,2.9102,119.084,85.740973,0.0528,0.688,15.556,-10.4165,0.12365,9.521415227410294,0.068,0
2020-09-15T21:24:50Z,7.793,11.0722,2.2638,2.8938,120.037,86.356084,0.0527,0.715,15.557,-11.5679,0.12367,9.604722238547561,0.07,0
2020-09-15T21:24:50Z,7.812,11.0546,2.2494,2.885,120.847,86.86911,0.0545,0.719,15.557,-12.4614,0.12373,9.67940173154104,0.07,0
2020-09-15T21:24:50Z,7.83,11.0307,2.2564,2.8721,121.279,87.108766,0.0516,0.71,15.558,-13.304,0.12371,9.72309934537518,0.069,0
2020-09-15T21:24:50Z,7.847,10.9969,2.3004,2.8748,121.424,87.1542,0.0517,0.706,15.559,-14.4425,0.12368,9.744586347606981,0.067,0
2020-09-15T21:24:50Z,7.863,10.9677,2.3707,2.8837,121.759,87.354761,0.0569,0.686,15.56,-15.8163,0.12377,9.781391584307013,0.067,0
2020-09-15T21:24:50Z,7.88,10.94,2.4011,2.8758,122.529,87.879493,0.0558,0.672,15.561,-17.095,0.12383,9.855682731429079,0.067,0
2020-09-15T21:24:50Z,7.896,10.9081,2.4004,2.883,123.484,88.536052,0.0538,0.67,15.561,-18.2014,0.12384,9.94737019112871,0.068,0
2020-09-15T21:24:50Z,7.912,10.8823,2.4004,2.903,124.529,89.24877,0.056,0.643,15.561,-19.2126,0.12382,10.045464251057135,0.071,0
2020-09-15T21:24:50Z,7.93,10.8678,2.3916,2.876,125.655,90.006895,0.0526,0.62,15.561,-20.0301,0.12379,10.147729391152687,0.075,0
2020-09-15T21:24:50Z,7.95,10.8585,2.3804,2.8317,126.619,90.63956,0.0507,0.643,15.561,-20.6866,0.12379,10.234546622355547,0.079,0
2020-09-15T21:24:50Z,7.971,10.8482,2.3797,2.8478,127.174,90.980504,0.0537,0.676,15.562,-21.2124,0.12375,10.285959126471774,0.082,0
2020-09-15T21:24:50Z,7.994,10.8346,2.3442,2.9329,127.286,91.011168,0.0497,0.678,15.563,-21.7419,0.12368,10.299562748711306,0.082,0
2020-09-15T21:24:50Z,8.018,10.8136,2.256,3.0372,127.152,90.882992,0.0458,0.673,15.563,-22.6142,0.12367,10.29370577752419,0.08,0
2020-09-15T21:24:50Z,8.04,10.7896,2.2005,3.0787,127.267,90.957909,0.0496,0.687,15.563,-23.7582,0.1237,10.3105028087954,0.077,0
2020-09-15T21:24:50Z,8.059,10.7666,2.1976,3.0573,127.81,91.344247,0.0541,0.693,15.563,-24.9055,0.12373,10.364584831960856,0.074,0
2020-09-15T21:24:50Z,8.074,10.7459,2.2212,2.95,128.213,91.608852,0.0526,0.668,15.563,-25.9027,0.12371,10.405807121523427,0.071,0
2020-09-15T21:24:50Z,8.089,10.731,2.2577,2.7428,128.36,91.675461,0.0512,0.643,15.563,-26.6954,0.12368,10.422941860349495,0.069,0
2020-09-15T21:24:50Z,8.107,10.7303,2.2666,2.6117,128.533,91.767754,0.0537,0.633,15.563,-27.4336,0.1237,10.438338175172788,0.069,0
2020-09-15T21:24:50Z,8.127,10.737,2.2519,2.6009,128.747,91.897459,0.0552,0.628,15.564,-28.3752,0.12381,10.455233110891303,0.07,0
2020-09-15T21:24:50Z,8.145,10.7254,2.2142,2.612,129.325,92.289141,0.0518,0.638,15.565,-29.5636,0.12387,10.509349025184235,0.073,0
2020-09-15T21:24:50Z,8.162,10.7053,2.1629,2.6434,130.273,92.93979,0.0489,0.654,15.566,-30.7891,0.12381,10.598540248450131,0.078,0
2020-09-15T21:24:50Z,8.18,10.6949,2.1376,2.6717,131.061,93.464131,0.0498,0.656,15.566,-31.7495,0.12379,10.670962481858064,0.083,0
2020-09-15T21:24:50Z,8.2,10.686,2.1278,2.6794,131.581,93.792216,0.0478,0.661,15.566,-32.2267,0.12382,10.719392476851318,0.088,0
2020-09-15T21:24:50Z,8.225,10.6787,2.1211,2.7366,131.901,93.979063,0.0492,0.678,15.566,-32.5155,0.12377,10.749748359497378,0.09,0
2020-09-15T21:24:50Z,8.254,10.6712,2.1135,2.8137,132.082,94.068536,0.052,0.694,15.567,-33.0048,0.12372,10.767913699375594,0.09,0
2020-09-15T21:24:50Z,8.282,10.6547,2.112,2.8222,132.192,94.110267,0.0505,0.686,15.567,-33.669,0.12374,10.782466466513695,0.086,0
2020-09-15T21:24:50Z,8.305,10.6373,2.122,2.8047,132.226,94.10173,0.0512,0.669,15.568,-34.4367,0.12374,10.790584246605519,0.08,0
2020-09-15T21:24:50Z,8.321,10.6225,2.0817,2.7736,132.25,94.09257,0.0522,0.665,15.568,-35.232,0.12372,10.797060348079764,0.072,0
2020-09-15T21:24:50Z,8.335,10.6066,1.9969,2.7212,132.321,94.126769,0.0552,0.658,15.567,-35.9718,0.12372,10.808021507366105,0.065,0
2020-09-15T21:24:50Z,8.349,10.5928,1.9543,2.6864,132.521,94.260629,0.053900000000000003,0.641,15.567,-36.9285,0.12376,10.829782782782752,0.059,0
2020-09-15T21:24:50Z,8.364,10.5805,1.948,2.6279,132.773,94.438173,0.0509,0.626,15.568,-38.0233,0.12379,10.85572072449595,0.057,0
2020-09-15T21:24:50Z,8.378,10.57,1.9503,2.562,132.939,94.555044,0.0525,0.62,15.568,-38.8843,0.12379,10.873529601795356,0.059,0
2020-09-15T21:24:50Z,8.392,10.5638,1.9726,2.542,133.092,94.655394,0.0511,0.607,15.569,-39.6813,0.1238,10.888920049677433,0.063,0
2020-09-15T21:24:50Z,8.406,10.5612,1.9979,2.5578,133.272,94.760457,0.0504,0.601,15.569,-40.5191,0.1238,10.905636723329975,0.069,0
2020-09-15T21:24:50Z,8.424,10.5609,1.999,2.5814,133.646,94.997932,0.0477,0.613,15.569,-41.2705,0.12378,10.938862069992657,0.075,0
2020-09-15T21:24:50Z,8.444,10.5617,1.9854,2.5874,134.296,95.426313,0.0492,0.619,15.569,-41.8826,0.12379,10.996234382331437,0.08,0
2020-09-15T21:24:50Z,8.466,10.5601,1.9669,2.6301,134.811,95.739226,0.0471,0.644,15.571,-42.4995,0.12381,11.04238162952218,0.083,0
2020-09-15T21:24:50Z,8.491,10.5498,1.9466,2.686,135.065,95.853496,0.0453,0.675,15.573,-43.2232,0.12376,11.068022298904399,0.084,0
2020-09-15T21:24:50Z,8.516,10.5375,1.9411,2.6452,135.319,95.980447,0.0495,0.692,15.574,-43.921,0.12368,11.094287009749058,0.083,0
2020-09-15T21:24:50Z,8.537,10.5293,1.9377,2.5832,135.666,96.192077,0.0467,0.705,15.573,-44.4838,0.12371,11.127589224308743,0.082,0
2020-09-15T21:24:50Z,8.554,10.5089,1.9444,2.5878,135.97,96.375464,0.0502,0.698,15.572,-44.7798,0.1238,11.160814334395933,0.079,0
2020-09-15T21:24:50Z,8.572,10.4789,1.9749,2.5981,136.081,96.415526,0.0538,0.674,15.572,-44.9193,0.12381,11.179846201471358,0.076,0
2020-09-15T21:24:50Z,8.592,10.4587,1.9912,2.6046,136.05,96.358164,0.0534,0.662,15.572,-45.2232,0.12377,11.18326217312696,0.072,0
2020-09-15T21:24:50Z,8.612,10.4494,1.9894,2.6324,136.025,96.318373,0.0561,0.665,15.572,-45.9583,0.12377,11.183878358439902,0.069,0
2020-09-15T21:24:50Z,8.632,10.4394,1.9627,2.6948,136.221,96.443594,0.0551,0.66,15.572,-47.0103,0.12381,11.20439505823764,0.069,0
2020-09-15T21:24:50Z,8.647,10.4224,1.9067,2.7749,136.641,96.726462,0.0523,0.649,15.573,-48.0497,0.12381,11.247045206952677,0.069,0
2020-09-15T21:24:50Z,8.661,10.4079,1.8835,2.7428,136.97,96.937828,0.0509,0.658,15.573,-48.8888,0.12376,11.280855249146699,0.073,0
2020-09-15T21:24:50Z,8.676,10.4011,1.8822,2.6148,137.308,97.153284,0.0526,0.683,15.572,-49.2408,0.12366,11.31311551121343,0.08,0
2020-09-15T21:24:50Z,8.695,10.3971,1.8916,2.5673,137.899,97.549209,0.0521,0.709,15.571,-49.2083,0.12362,11.367113923707405,0.089,0
2020-09-15T21:24:50Z,8.721,10.3935,1.9397,2.614,138.442,97.905661,0.0496,0.717,15.572,-49.2698,0.12366,11.416732458582436,0.095,0
2020-09-15T21:24:50Z,8.753,10.3841,1.9776,2.6645,138.656,98.02574,0.0512,0.696,15.573,-49.6411,0.12365,11.438791653625538,0.1,0
2020-09-15T21:24:50Z,8.784,10.3742,1.9872,2.6625,138.716,98.046215,0.053,0.661,15.573,-50.256,0.12362,11.447252826511606,0.1,0
2020-09-15T21:24:50Z,8.809,10.3686,1.9321,2.6599,138.879,98.15319,0.0563,0.649,15.573,-51.0255,0.12369,11.463581304248843,0.097,0
2020-09-15T21:24:50Z,8.83,10.3582,1.8081,2.7009,139.099,98.300656,0.0569,0.643,15.573,-51.8892,0.12378,11.486526956987241,0.091,0
2020-09-15T21:24:50Z,8.851,10.3444,1.7369,2.7118,139.215,98.365106,0.0554,0.61,15.573,-52.7829,0.1238,11.501251765652297,0.085,0
2020-09-15T21:24:50Z,8.872,10.3355,1.7293,2.6542,139.241,98.359525,0.0507,0.589,15.572,-53.4864,0.12378,11.506382417672608,0.081,0
2020-09-15T21:24:50Z,8.892,10.3351,1.7156,2.5546,139.271,98.360459,0.05,0.598,15.572,-53.8556,0.12377,11.509191276103381,0.08,0
2020-09-15T21:24:50Z,8.912,10.3342,1.705,2.4686,139.31,98.376372,0.0527,0.617,15.571,-54.3223,0.12381,11.512964089695059,0.079,0
2020-09-15T21:24:50Z,8.932,10.3272,1.7157,2.4376,139.388,98.424599,0.0465,0.624,15.57,-55.0845,0.12386,11.5221563748493,0.078,0
2020-09-15T21:24:50Z,8.952,10.317,1.7306,2.4559,139.597,98.561622,0.0455,0.615,15.571,-55.5858,0.1239,11.544101106876708,0.077,0
2020-09-15T21:24:50Z,8.972,10.3083,1.7521,2.5521,139.815,98.696284,0.0467,0.618,15.572,-55.7376,0.12383,11.566391815868752,0.076,0
2020-09-15T21:24:50Z,8.991,10.3054,1.7842,2.6727,139.962,98.779624,0.0486,0.623,15.573,-56.1458,0.12372,11.580487360033569,0.074,0
2020-09-15T21:24:50Z,9.009,10.3041,1.7948,2.6791,140.106,98.869006,0.0501,0.623,15.574,-56.9069,0.12369,11.593808491777732,0.072,0
2020-09-15T21:24:50Z,9.028,10.3014,1.7942,2.629,140.144,98.885765,0.0471,0.641,15.574,-57.7993,0.12367,11.598071548546654,0.071,0
2020-09-15T21:24:50Z,9.045,10.293,1.7958,2.6161,140.027,98.791275,0.0484,0.674,15.575,-58.6763,0.12367,11.5902475691493,0.072,0
2020-09-15T21:24:50Z,9.061,10.2832,1.7667,2.6266,139.975,98.745049,0.0496,0.683,15.576,-59.2505,0.12378,11.588697021285402,0.074,0
2020-09-15T21:24:50Z,9.08,10.2811,1.7287,2.6523,140.115,98.836099,0.048,0.667,15.576,-59.4936,0.12386,11.601922369095199,0.078,0
2020-09-15T21:24:50Z,9.1,10.2786,1.718,2.6868,140.37,99.00093,0.0495,0.653,15.575,-59.4646,0.12382,11.625597978582345,0.081,0
2020-09-15T21:24:50Z,9.122,10.2726,1.7223,2.7344,140.7,99.21018,0.053900000000000003,0.638,15.574,-59.2445,0.12376,11.657133080933752,0.083,0
2020-09-15T21:24:50Z,9.146,10.2698,1.7433,2.7478,141.093,99.45631,0.0548,0.627,15.574,-59.0692,0.12374,11.693316718212918,0.084,0
2020-09-15T21:24:50Z,9.17,10.268,1.771,2.7109,141.464,99.68508,0.0516,0.625,15.573,-58.9796,0.12377,11.727217322372308,0.082,0
2020-09-15T21:24:50Z,9.191,10.2632,1.7903,2.6671,141.688,99.811713,0.0517,0.615,15.572,-59.0217,0.12384,11.748887559365256,0.078,0
2020-09-15T21:24:50Z,9.21,10.2546,1.805,2.6296,141.769,99.841496,0.0502,0.617,15.57,-59.4925,0.12383,11.75893962881329,0.074,0
2020-09-15T21:24:50Z,9.227,10.2427,1.8155,2.6351,141.818,99.854171,0.048,0.616,15.57,-60.2831,0.12377,11.767185828771636,0.072,0
2020-09-15T21:24:50Z,9.243,10.2307,1.8317,2.6646,141.908,99.901275,0.0505,0.602,15.569,-60.9238,0.12378,11.779157661412293,0.073,0
2020-09-15T21:24:50Z,9.258,10.2196,1.8486,2.6776,142.104,100.029028,0.0469,0.606,15.567,-61.388,0.12374,11.800386182954924,0.076,0
2020-09-15T21:24:50Z,9.276,10.2095,1.8574,2.6888,142.613,100.38022,0.0486,0.621,15.566,-61.6805,0.12369,11.849490285661686,0.079,0
2020-09-15T21:24:50Z,9.301,10.2017,1.8801,2.6292,143.273,100.836991,0.0496,0.631,15.566,-61.7064,0.12375,11.911491805834567,0.08,0
2020-09-15T21:24:50Z,9.327,10.1962,1.9135,2.4721,143.563,101.031664,0.0458,0.646,15.566,-61.701,0.12377,11.93942910707042,0.079,0
2020-09-15T21:24:50Z,9.349,10.193,1.9271,2.3679,143.732,101.142399,0.0477,0.654,15.566,-61.9601,0.12372,11.95571342112798,0.076,0
2020-09-15T21:24:50Z,9.366,10.1904,1.9308,2.3653,144.294,101.539196,0.049,0.647,15.567,-62.4294,0.1237,12.007255433456304,0.072,0
2020-09-15T21:24:50Z,9.38,10.1891,1.9197,2.3715,145.139,102.13663,0.0494,0.645,15.569,-62.9878,0.12375,12.083938598113786,0.068,0
2020-09-15T21:24:50Z,9.395,10.1846,1.8883,2.3746,145.881,102.635813,0.0507,0.65,15.57,-63.6349,0.12379,12.152437871350843,0.068,0
2020-09-15T21:24:50Z,9.41,10.1803,1.866,2.4032,146.571,103.054248,0.0524,0.651,15.571,-64.1452,0.12379,12.216221346191288,0.073,0
2020-09-15T21:24:50Z,9.429,10.1809,1.8597,2.4417,147.158,103.37552,0.0502,0.636,15.571,-64.4254,0.12377,12.269081684620977,0.078,0
2020-09-15T21:24:50Z,9.45,10.1865,1.8313,2.4968,147.23,103.336585,0.0506,0.594,15.571,-64.9582,0.12376,12.273699111573345,0.08,0
2020-09-15T21:24:50Z,9.475,10.183,1.7609,2.5543,147.071,103.156455,0.0515,0.576,15.572,-65.855,0.12376,12.260499500490385,0.08,0
2020-09-15T21:24:50Z,9.502,10.1552,1.7149,2.5877,147.144,103.171375,0.051,0.606,15.572,-66.5783,0.12373,12.276473112922659,0.077,0
2020-09-15T21:24:50Z,9.522,10.121,1.713,2.6265,147.46,103.389591,0.0522,0.646,15.572,-67.0787,0.12371,12.31664587768956,0.073,0
2020-09-15T21:24:50Z,9.535,10.089,1.7104,2.6455,148.245,103.948389,0.0454,0.672,15.572,-67.5169,0.12367,12.39868863151823,0.07,0
2020-09-15T21:24:50Z,9.546,10.0633,1.7113,2.6463,149.43,104.770104,0.0434,0.678,15.572,-67.7474,0.12366,12.515082381992029,0.068,0
2020-09-15T21:24:50Z,9.561,10.0513,1.724,2.6705,150.25,105.301707,0.0479,0.671,15.573,-67.8003,0.12371,12.59376307262061,0.067,0
2020-09-15T21:24:50Z,9.58,10.0525,1.7298,2.6965,150.579,105.472804,0.0511,0.664,15.574,-68.0704,0.12372,12.62326318174701,0.068,0
2020-09-15T21:24:50Z,9.603,10.0599,1.7246,2.6523,150.781,105.565171,0.053900000000000003,0.655,15.573,-68.7754,0.12373,12.639055814854824,0.07,0
2020-09-15T21:24:50Z,9.624,10.0592,1.7281,2.5132,150.957,105.654303,0.0536,0.621,15.573,-69.5278,0.12381,12.655303482625426,0.072,0
2020-09-15T21:24:50Z,9.64,10.0417,1.734,2.4229,151.27,105.849982,0.0532,0.584,15.574,-70.1132,0.12386,12.689890137569417,0.072,0
2020-09-15T21:24:50Z,9.655,10.0178,1.7286,2.4192,151.819,106.211711,0.0516,0.563,15.574,-70.8622,0.12386,12.748261684810219,0.073,0
2020-09-15T21:24:50Z,9.672,10.002,1.7207,2.3987,152.498,106.6528,0.0535,0.563,15.574,-71.873,0.12381,12.8157215942474,0.076,0
2020-09-15T21:24:50Z,9.691,9.9913,1.715,2.4847,153.121,107.043759,0.0488,0.6,15.575,-72.785,0.12376,12.87634447810389,0.08,0
2020-09-15T21:24:50Z,9.713,9.9842,1.7167,2.7047,153.562,107.308749,0.0451,0.623,15.577,-73.4568,0.12375,12.91912268560991,0.084,0
2020-09-15T21:24:50Z,9.738,9.9793,1.7213,2.8263,153.977,107.564089,0.045,0.611,15.579,-74.2318,0.12377,12.958767522427982,0.087,0
2020-09-15T21:24:50Z,9.764,9.968,1.7237,2.8221,154.491,107.902014,0.0419,0.61,15.579,-75.0129,0.12382,13.009776770754309,0.089,0
2020-09-15T21:24:50Z,9.785,9.951,1.7454,2.791,155.13,108.337595,0.0482,0.609,15.578,-75.3296,0.12381,13.07432449005663,0.089,0
2020-09-15T21:24:50Z,9.805,9.9364,1.7927,2.7254,156.107,109.009379,0.0514,0.6,15.578,-75.4802,0.12374,13.169039502225118,0.088,0
2020-09-15T21:24:50Z,9.826,9.9245,1.8188,2.6459,157.056,109.655478,0.0467,0.603,15.579,-75.8868,0.12374,13.260331801127988,0.085,0
2020-09-15T21:24:50Z,9.85,9.918,1.8135,2.6198,157.184,109.71669,0.0487,0.599,15.58,-76.2881,0.12378,13.274443142856066,0.081,0
2020-09-15T21:24:50Z,9.872,9.916,1.8053,2.5469,156.91,109.494702,0.0491,0.599,15.58,-76.6325,0.12378,13.250047593961876,0.078,0
2020-09-15T21:24:50Z,9.892,9.9129,1.7952,2.4175,157.153,109.646491,0.0459,0.613,15.58,-77.1255,0.12378,13.273461249104432,0.074,0
2020-09-15T21:24:50Z,9.91,9.909,1.7869,2.3945,157.7,110.023323,0.0488,0.616,15.58,-77.5175,0.12381,13.32506606826254,0.071,0
2020-09-15T21:24:50Z,9.925,9.8991,1.7816,2.4052,158.089,110.293071,0.047,0.592,15.58,-77.6725,0.12378,13.36441198842962,0.068,0
2020-09-15T21:24:50Z,9.939,9.8862,1.7694,2.4438,158.367,110.487623,0.0468,0.582,15.58,-77.795,0.12376,13.394704127766898,0.066,0
2020-09-15T21:24:50Z,9.955,9.8812,1.7538,2.5869,158.7,110.719562,0.0488,0.609,15.58,-78.0518,0.12381,13.427144349823141,0.065,0
2020-09-15T21:24:50Z,9.975,9.8817,1.7456,2.6936,159.026,110.93177,0.05,0.619,15.581,-78.6267,0.12381,13.456910669352025,0.066,0
2020-09-15T21:24:50Z,9.993,9.8806,1.7461,2.7047,159.285,111.07882,0.0469,0.614,15.583,-79.4115,0.12376,13.481121188965655,0.068,0
2020-09-15T21:24:50Z,10.008,9.8803,1.76,2.6521,159.723,111.350957,0.0432,0.627,15.583,-80.0552,0.12372,13.521497094566008,0.07,0
2020-09-15T21:24:50Z,10.023,9.883,1.7796,2.6066,160.402,111.801596,0.0502,0.622,15.582,-80.5595,0.1237,13.582926328656812,0.072,0
2020-09-15T21:24:50Z,10.042,9.8792,1.7829,2.6355,161.093,112.259617,0.0496,0.611,15.582,-81.2062,0.12372,13.647927641606406,0.072,0
2020-09-15T21:24:50Z,10.065,9.8649,1.7811,2.6582,161.746,112.684647,0.0469,0.621,15.582,-81.9386,0.12383,13.71344925638027,0.073,0
2020-09-15T21:24:50Z,10.086,9.853,1.7875,2.6745,162.501,113.18218,0.0513,0.618,15.583,-82.5311,0.12391,13.787535785699841,0.075,0
2020-09-15T21:24:50Z,10.104,9.849,1.7929,2.7642,163.356,113.752295,0.0496,0.585,15.584,-83.1215,0.12388,13.867902595248252,0.075,0
2020-09-15T21:24:50Z,10.121,9.8422,1.7897,2.8502,164.077,114.226655,0.047,0.552,15.584,-83.8294,0.12383,13.937041685590843,0.075,0
2020-09-15T21:24:50Z,10.139,9.8308,1.7869,2.8904,164.63,114.585595,0.0498,0.532,15.584,-84.4651,0.12382,13.992500067546189,0.076,0
2020-09-15T21:24:50Z,10.157,9.8223,1.7967,2.9418,165.024,114.843087,0.0507,0.543,15.584,-84.8707,0.1238,14.032190476608713,0.077,0
2020-09-15T21:24:50Z,10.176,9.8157,1.8031,2.9904,165.049,114.85533,0.0458,0.6,15.584,-85.2915,0.12378,14.037059047537399,0.077,0
2020-09-15T21:24:50Z,10.198,9.8065,1.7975,3.0312,164.876,114.733624,0.0434,0.649,15.584,-86.111,0.12375,14.024633437669456,0.075,0
2020-09-15T21:24:50Z,10.223,9.7973,1.7964,3.0577,164.937,114.773131,0.0419,0.653,15.584,-87.1221,0.12373,14.033838197760065,0.072,0
2020-09-15T21:24:50Z,10.243,9.7923,1.7794,2.9679,165.112,114.887042,0.0405,0.643,15.584,-87.7956,0.12378,14.051960265622553,0.069,0
2020-09-15T21:24:50Z,10.256,9.7919,1.7358,2.7698,165.056,114.836722,0.0482,0.65,15.584,-88.1444,0.12382,14.046933983980269,0.065,0
2020-09-15T21:24:50Z,10.267,9.7917,1.7171,2.6537,165.021,114.801804,0.0535,0.659,15.585,-88.5005,0.12378,14.043772936421965,0.058,0
2020-09-15T21:24:50Z,10.282,9.7913,1.7241,2.6617,165.196,114.9108,0.052,0.639,15.585,-89.2619,0.12376,14.06011198109904,0.05,0
2020-09-15T21:24:50Z,10.299,9.7889,1.716,2.6609,165.362,115.007812,0.0502,0.587,15.585,-90.5531,0.12373,14.076398055557778,0.043,0
2020-09-15T21:24:50Z,10.312,9.7842,1.687,2.5759,165.493,115.082832,0.0514,0.557,15.585,-91.8944,0.12373,14.090347470411956,0.036,0
2020-09-15T21:24:50Z,10.318,9.7823,1.668,2.457,165.738,115.244457,0.0532,0.56,15.586,-93.0034,0.12376,14.113761566970647,0.03,0
2020-09-15T21:24:50Z,10.321,9.7786,1.6772,2.3914,166.111,115.496652,0.0524,0.563,15.586,-93.8096,0.12376,14.149736820131627,0.024,0
2020-09-15T21:24:50Z,10.324,9.772,1.6837,2.366,166.528,115.774809,0.0454,0.582,15.587,-94.1565,0.12375,14.190941740361389,0.019,0
2020-09-15T21:24:50Z,10.328,9.7665,1.6901,2.391,166.775,115.931734,0.0424,0.598,15.587,-94.1866,0.12378,14.215985621686407,0.017,0
2020-09-15T21:24:50Z,10.333,9.7642,1.7159,2.4872,166.697,115.864927,0.0459,0.591,15.586,-94.0872,0.1238,14.20966215120346,0.017,0
2020-09-15T21:24:50Z,10.339,9.7632,1.7382,2.568,166.509,115.731582,0.0433,0.601,15.586,-93.9018,0.1238,14.192635148682019,0.018,0
2020-09-15T21:24:50Z,10.344,9.7597,1.7398,2.6129,166.387,115.657421,0.046,0.62,15.585,-93.8377,0.12381,14.182705356489844,0.018,0
2020-09-15T21:24:50Z,10.348,9.7545,1.7648,2.5839,166.276,115.605376,0.0495,0.605,15.584,-94.0868,0.12381,14.17446071872494,0.017,0
2020-09-15T21:24:50Z,10.351,9.7499,1.8293,2.4913,166.049,115.484599,0.0453,0.573,15.584,-94.6767,0.12382,14.155231115514976,0.017,0
2020-09-15T21:24:50Z,10.355,9.7485,1.8719,2.4545,165.794,115.343947,0.0473,0.57,15.583,-95.5497,0.12379,14.132152678337299,0.018,0
2020-09-15T21:24:50Z,10.359,9.7517,1.8791,2.4822,165.974,115.497569,0.0508,0.6,15.583,-96.4681,0.12372,14.14757535492304,0.019,0
2020-09-15T21:24:50Z,10.364,9.7591,1.8977,2.6204,166.761,116.067828,0.0486,0.619,15.583,-97.2629,0.12373,14.217593088145836,0.021,0
2020-09-15T21:24:50Z,10.37,9.772,1.9351,2.8205,167.641,116.695961,0.0444,0.624,15.584,-98.0189,0.12377,14.294063398937556,0.022,0
2020-09-15T21:24:50Z,10.378,9.7843,1.949,2.8763,168.035,116.975797,0.0437,0.634,15.584,-98.9838,0.12374,14.325710315364374,0.022,0
2020-09-15T21:24:50Z,10.385,9.7915,1.9324,2.814,167.92,116.902739,0.0485,0.626,15.584,-100.2387,0.12373,14.312198978641016,0.021,0
2020-09-15T21:24:50Z,10.39,9.7992,1.8681,2.686,167.528,116.640925,0.0501,0.617,15.584,-101.4049,0.12377,14.272838923781952,0.018,0
2020-09-15T21:24:50Z,10.394,9.8046,1.7635,2.4953,167.024,116.295115,0.0481,0.644,15.583,-102.329,0.1238,14.224041816752182,0.013,0
2020-09-15T21:24:50Z,10.397,9.8042,1.7068,2.3969,166.655,116.034701,0.0515,0.66,15.583,-103.1522,0.12377,14.190042880556476,0.009,0
2020-09-15T21:24:50Z,10.397,9.8059,1.7069,2.3894,166.493,115.913388,0.0504,0.649,15.583,-103.7866,0.12375,14.174383594138913,0.005,0
2020-09-15T21:24:50Z,10.398,9.811,1.7077,2.4048,166.319,115.784009,0.0461,0.623,15.584,-104.2343,0.12377,14.15628548863444,0.003,0
2020-09-15T21:24:50Z,10.398,9.8128,1.6968,2.4448,165.994,115.553482,0.0524,0.577,15.584,-104.6943,0.12375,14.125517878678918,0.001,0
2020-09-15T21:24:50Z,10.398,9.811,1.6903,2.4603,165.699,115.355995,0.0534,0.543,15.584,-105.2186,0.12372,14.098937321607853,0.001,0
2020-09-15T21:24:50Z,10.398,9.8077,1.6865,2.4563,165.587,115.307549,0.051,0.534,15.583,-105.6693,0.12372,14.089866056975996,0.001,0
2020-09-15T21:24:50Z,10.398,9.8051,1.6891,2.5334,165.497,115.286318,0.0511,0.528,15.582,-105.9274,0.12372,14.082555778300954,0.001,0
2020-09-15T21:24:50Z,10.399,9.8032,1.7026,2.7055,165.272,115.163048,0.0448,0.54,15.581,-106.0168,0.12369,14.062487696013747,0.001,0
2020-09-15T21:24:50Z,10.399,9.8031,1.7159,2.8206,165.039,115.027618,0.042,0.569,15.581,-106.0612,0.12371,14.040981830293019,0.001,0
2020-09-15T21:24:50Z,10.4,9.814,1.7254,2.8611,164.944,114.986775,0.0429,0.571,15.581,-106.034,0.12381,14.02796834072086,0.001,0
