Date,Depth_m,Temp_C,Chla_ugL,Turb_NTU,Cond_uScm,Spec_Cond_uScm,DO_mgL,DO_pSat,pH,ORP_mV,PAR,Salinity,Descent Rate (m/s),Density_mg_m3,Flag
2019-07-03T10:42:52Z,0.026,26.507,0.5258,0.6806,26.024,26.805925,6.9301,86.194,7.941,309.9479,135.45,1.2992316344838282,0.083,996.665,0
2019-07-03T10:42:52Z,0.055,26.5019,0.5297,0.6835,26.029,26.80992,6.9388,86.302,7.937,305.2726,129.2,1.2996335911932966,0.081,996.6665,0
2019-07-03T10:42:52Z,0.072,26.498,0.5417,0.6864,26.027,26.808209,6.9388,86.303,7.935,304.0716,124.25,1.2996346499574936,0.08,996.6676,0
2019-07-03T10:42:52Z,0.083,26.4956,0.5662,0.6823,26.005,26.785234,6.9323,86.223,7.932,303.6011,122.43,1.2985420536108634,0.078,996.6683,0
2019-07-03T10:42:52Z,0.096,26.4945,0.5836,0.6998,26.005,26.785896,6.9286,86.178,7.928,303.4552,121.9,1.2985719446716024,0.076,996.6687,0
2019-07-03T10:42:52Z,0.115,26.4942,0.5874,0.7004,26.034,26.816211,6.9403,86.325,7.924,303.3408,120.59,1.300106384144561,0.078,996.6688,0
2019-07-03T10:42:52Z,0.14,26.4948,0.5689,0.6575,26.052,26.834562,6.9658,86.642,7.921,303.3363,120.63,1.3010371633962945,0.081,996.6688,0
2019-07-03T10:42:52Z,0.167,26.4958,0.533,0.6408,26.035,26.817458,6.9842,86.871,7.918,303.5727,123.61,1.3001146180273413,0.081,996.6686,0
2019-07-03T10:42:52Z,0.192,26.4963,0.5092,0.6616,26.017,26.799737,6.9794,86.812,7.913,303.8759,125.94,1.2991531882990286,0.077,996.6686,0
2019-07-03T10:42:52Z,0.211,26.4966,0.5152,0.6796,26.027,26.81062,6.9569,86.533,7.908,303.9906,126.44,1.299671111192004,0.069,996.6686,0
2019-07-03T10:42:52Z,0.224,26.497,0.5279,0.6618,26.038,26.822154,6.9296,86.194,7.905,304.0994,128.54,1.3002390607769543,0.059,996.6685,0
2019-07-03T10:42:52Z,0.235,26.4976,0.5156,0.6761,26.028,26.812312,6.8998,85.824,7.902,304.4167,133.14,1.2996962059309174,0.049,996.6684,0
2019-07-03T10:42:52Z,0.246,26.498,0.4963,0.7541,26.034,26.818508,6.8586,85.312,7.899,304.7299,137.17,1.3000009168329547,0.044,996.6684,0
2019-07-03T10:42:52Z,0.256,26.4985,0.4938,0.7847,26.049,26.833627,6.7958,84.531,7.897,304.9615,146.52,1.3007766707262458,0.042,996.6682,0
2019-07-03T10:42:52Z,0.264,26.499,0.5033,0.8182,26.021,26.804791,6.7111,83.478,7.894,305.2378,193.77,1.2992892041163182,0.04,996.6681,0
2019-07-03T10:42:52Z,0.275,26.4991,0.5153,0.8304,26.004,26.78706,6.6156,82.291,7.891,305.3175,386.43,1.2983916119052477,0.035,996.6682,0
2019-07-03T10:42:52Z,0.29,26.4996,0.518,0.7349,26.025,26.80956,6.5217,81.122,7.889,305.1505,656.75,1.2994829899790417,0.028,996.6681,0
2019-07-03T10:42:52Z,0.3,26.5001,0.5093,0.6804,26.039,26.823079,6.4314,79.999,7.887,305.1115,847.3,1.3002060575569143,0.021,996.6681,0
2019-07-03T10:42:52Z,0.303,26.4999,0.5054,0.6954,26.039,26.823638,6.3395,78.857,7.885,305.3618,953.14,1.3002115069256532,0.015,996.6681,0
2019-07-03T10:42:52Z,0.301,26.5002,0.5134,0.7519,26.032,26.816315,6.2445,77.675,7.882,305.7679,1128.5,1.2998349222211671,0.011,996.668,0
2019-07-03T10:42:52Z,0.297,26.5005,0.5205,0.8398,26.014,26.797974,6.1534,76.542,7.877,306.2359,1225.9,1.2988794418859462,0.016,996.6679,0
2019-07-03T10:42:52Z,0.295,26.5006,0.5136,0.8731,26.008,26.792208,6.0779,75.602,7.868,306.8046,1059,1.2985609780612841,0.031,996.6679,0
2019-07-03T10:42:52Z,0.3,26.5007,0.508,0.8931,26.025,26.810038,6.0212,74.898,7.858,307.2242,945.78,1.2994528903686338,0.055,996.6679,0
2019-07-03T10:42:52Z,0.314,26.5006,0.5128,0.918,26.038,26.823236,5.9772,74.352,7.852,307.3513,849.37,1.300139681343219,0.08,996.6679,0
2019-07-03T10:42:52Z,0.341,26.5006,0.5113,0.9112,26.039,26.8249,5.9414,73.907,7.847,307.4813,781.71,1.3001920104853868,0.101,996.668,0
2019-07-03T10:42:52Z,0.381,26.5009,0.5063,0.9097,26.044,26.830156,5.9173,73.607,7.842,307.6768,763.3,1.3004463998470477,0.115,996.6682,0
2019-07-03T10:42:52Z,0.424,26.5012,0.5048,0.8988,26.038,26.82335,5.9077,73.488,7.839,307.8218,692.86,1.3001218416848848,0.12,996.6683,0
2019-07-03T10:42:52Z,0.459,26.5016,0.5016,0.8123,26.021,26.806049,5.9037,73.437,7.838,308.0298,907.26,1.2992157857773303,0.115,996.6683,0
2019-07-03T10:42:52Z,0.487,26.5024,0.5021,0.6834,26.026,26.811293,5.8928,73.302,7.837,308.2132,1306.8,1.299456744344545,0.104,996.6683,0
2019-07-03T10:42:52Z,0.507,26.5029,0.5029,0.6193,26.038,26.823309,5.8727,73.052,7.836,308.2326,1356.9,1.300074408013378,0.09,996.6682,0
2019-07-03T10:42:52Z,0.522,26.5029,0.4944,0.6263,26.039,26.824453,5.8442,72.698,7.835,308.1777,1025.8,1.3001268736698084,0.077,996.6683,0
2019-07-03T10:42:52Z,0.538,26.5025,0.4943,0.6375,26.04,26.825123,5.8076,72.242,7.834,308.1523,725.82,1.3001902375241357,0.066,996.6684,0
2019-07-03T10:42:52Z,0.557,26.5023,0.51,0.6894,26.046,26.831414,5.7643,71.703,7.833,308.355,641.12,1.3005112218823207,0.058,996.6686,0
2019-07-03T10:42:52Z,0.574,26.5023,0.519,0.827,26.051,26.837069,5.7233,71.193,7.831,308.6496,658.1,1.300774142161776,0.053,996.6687,0
2019-07-03T10:42:52Z,0.586,26.502,0.5174,0.9255,26.045,26.830063,5.6968,70.863,7.83,308.8758,675.57,1.3004664302220577,0.052,996.6688,0
2019-07-03T10:42:52Z,0.592,26.5021,0.5173,0.9295,26.026,26.810148,5.6849,70.714,7.827,309.1103,714.79,1.2994636679650737,0.052,996.6688,0
2019-07-03T10:42:52Z,0.602,26.5022,0.5088,0.8759,26.004,26.786598,5.6811,70.666,7.821,309.2481,704.81,1.2983030314506419,0.052,996.6688,0
2019-07-03T10:42:52Z,0.617,26.502,0.4824,0.7687,26.016,26.799078,5.6796,70.646,7.815,309.3377,609.45,1.2989398204624054,0.052,996.6689,0
2019-07-03T10:42:52Z,0.636,26.5018,0.4585,0.6818,26.05,26.834154,5.6766,70.607,7.81,309.5051,602.82,1.3007344484585237,0.053,996.6691,0
2019-07-03T10:42:52Z,0.654,26.501,0.4465,0.6451,26.046,26.830054,5.6717,70.545,7.805,309.8098,633.86,1.3005455180570862,0.056,996.6694,0
2019-07-03T10:42:52Z,0.668,26.4998,0.4493,0.6517,26.031,26.81295,5.6677,70.494,7.798,310.1818,607.52,1.299788632026807,0.06,996.6697,0
2019-07-03T10:42:52Z,0.676,26.4988,0.4669,0.6961,26.036,26.817678,5.6646,70.453,7.791,310.3901,551.98,1.3000790399309654,0.066,996.67,0
2019-07-03T10:42:52Z,0.686,26.4981,0.4679,0.7234,26.043,26.823772,5.6568,70.353,7.785,310.4349,430,1.3004665030075535,0.072,996.6702,0
2019-07-03T10:42:52Z,0.706,26.4974,0.4533,0.6872,26.043,26.823187,5.6431,70.181,7.779,310.4651,337.56,1.3004853841585449,0.078,996.6705,0
2019-07-03T10:42:52Z,0.734,26.4958,0.4635,0.6185,26.031,26.810603,5.6282,69.994,7.773,310.4971,367.06,1.2998970601832998,0.082,996.6711,0
2019-07-03T10:42:52Z,0.764,26.4935,0.4959,0.614,26.02,26.7985,5.6131,69.805,7.77,310.4785,415.44,1.2993804595792608,0.08,996.6718,0
2019-07-03T10:42:52Z,0.79,26.4915,0.5157,0.6651,26.026,26.803734,5.5966,69.6,7.772,310.4982,392.13,1.299750540600234,0.074,996.6725,0
2019-07-03T10:42:52Z,0.807,26.4903,0.5198,0.6787,26.034,26.810445,5.5849,69.452,7.775,310.6497,373.52,1.300204208076919,0.064,996.6729,0
2019-07-03T10:42:52Z,0.816,26.4898,0.5375,0.6477,26.04,26.816203,5.5824,69.418,7.777,310.8467,406.71,1.3005336680941153,0.054,996.6731,0
2019-07-03T10:42:52Z,0.821,26.4888,0.5646,0.6183,26.035,26.809912,5.5821,69.412,7.778,310.9877,428.15,1.3002977363768926,0.048,996.6734,0
2019-07-03T10:42:52Z,0.828,26.488,0.5706,0.6189,26.024,26.79782,5.5776,69.353,7.779,310.9773,488.25,1.299740402448137,0.047,996.6737,0
2019-07-03T10:42:52Z,0.842,26.4868,0.5664,0.622,26.024,26.796876,5.5667,69.217,7.778,310.9801,574.8,1.2997729791787245,0.051,996.674,0
2019-07-03T10:42:52Z,0.858,26.4839,0.5656,0.623,26.026,26.798492,5.5525,69.04,7.773,311.1934,529.01,1.2999572541581117,0.06,996.6749,0
2019-07-03T10:42:52Z,0.875,26.4813,0.5527,0.6637,26.045,26.817359,5.5488,68.99,7.767,311.4049,497.58,1.3010284830893264,0.07,996.6756,0
2019-07-03T10:42:52Z,0.891,26.4797,0.532,0.6878,26.063,26.834669,5.5678,69.225,7.763,311.5594,592.19,1.3020198745395557,0.079,996.6761,0
2019-07-03T10:42:52Z,0.911,26.4791,0.523,0.6846,26.045,26.817472,5.6082,69.73,7.759,311.7699,593.09,1.3010882295267752,0.084,996.6764,0
2019-07-03T10:42:52Z,0.938,26.4788,0.5216,0.691,26.027,26.799754,5.6667,70.459,7.755,311.8856,492.7,1.3001482213364721,0.087,996.6766,0
2019-07-03T10:42:52Z,0.965,26.4752,0.5236,0.7329,26.038,26.810769,5.7427,71.404,7.753,311.8391,446.27,1.300825449740592,0.088,996.6777,0
2019-07-03T10:42:52Z,0.989,26.473,0.5301,0.8299,26.051,26.823769,5.828,72.463,7.75,311.897,565.19,1.301569977809952,0.087,996.6784,0
2019-07-03T10:42:52Z,1.01,26.4769,0.5317,0.8813,26.057,26.830046,5.903,73.395,7.745,311.9834,693.05,1.3017790092974164,0.082,996.6774,0
2019-07-03T10:42:52Z,1.03,26.4792,0.5249,0.8625,26.052,26.823219,5.948,73.953,7.74,311.8512,594.74,1.3014525420159788,0.073,996.6769,0
2019-07-03T10:42:52Z,1.048,26.4786,0.4996,0.799,26.034,26.804669,5.9562,74.054,7.739,311.7608,486.85,1.3005209215817646,0.064,996.6771,0
2019-07-03T10:42:52Z,1.063,26.4777,0.469,0.704,26.025,26.796081,5.9343,73.78,7.74,311.8373,541.57,1.3000713887134467,0.057,996.6775,0
2019-07-03T10:42:52Z,1.076,26.4763,0.4585,0.6306,26.012,26.782825,5.8911,73.243,7.741,311.8292,609.8,1.2994249169842187,0.05,996.6779,0
2019-07-03T10:42:52Z,1.086,26.4753,0.451,0.6009,26.001,26.771272,5.8336,72.528,7.744,311.7486,598.48,1.2988729136408856,0.044,996.6782,0
2019-07-03T10:42:52Z,1.096,26.4744,0.4469,0.6716,26.013,26.783269,5.7707,71.747,7.748,311.8095,647.35,1.299529236948404,0.04,996.6785,0
2019-07-03T10:42:52Z,1.106,26.4738,0.4529,0.7971,26.03,26.801,5.7152,71.057,7.749,311.9635,739.57,1.3004406879774102,0.04,996.6787,0
2019-07-03T10:42:52Z,1.114,26.4729,0.4545,0.8732,26.025,26.795336,5.6733,70.535,7.749,312.062,737.79,1.300201908863453,0.043,996.6789,0
2019-07-03T10:42:52Z,1.122,26.4731,0.4571,0.9039,26.009,26.778233,5.6423,70.147,7.748,312.1392,669.35,1.2993538071683453,0.049,996.679,0
2019-07-03T10:42:52Z,1.134,26.4745,0.476,0.8735,26.016,26.784527,5.6203,69.872,7.747,312.2947,626.97,1.2996840380722914,0.054,996.6786,0
2019-07-03T10:42:52Z,1.151,26.4744,0.5086,0.8001,26.04,26.807983,5.6068,69.702,7.744,312.3929,785.43,1.3009503853906421,0.058,996.6787,0
2019-07-03T10:42:52Z,1.17,26.4732,0.5303,0.73740000000000006,26.04,26.808078,5.5979,69.591,7.741,312.3811,957.48,1.3009829358473337,0.059,996.6791,0
2019-07-03T10:42:52Z,1.19,26.4717,0.5304,0.6734,26.019,26.785671,5.5939,69.541,7.74,312.4963,810.41,1.2999177328137597,0.059,996.6796,0
2019-07-03T10:42:52Z,1.205,26.4697,0.5194,0.6156,26.024,26.79083,5.5969,69.577,7.74,312.6669,548.81,1.300235510125881,0.056,996.6802,0
2019-07-03T10:42:52Z,1.216,26.4682,0.5101,0.6616,26.039,26.807008,5.6021,69.642,7.739,312.7232,543.7,1.3010664073793827,0.051,996.6806,0
2019-07-03T10:42:52Z,1.226,26.4675,0.5131,0.836,26.024,26.790954,5.6027,69.651,7.738,312.7464,613.35,1.300295394312767,0.048,996.6809,0
2019-07-03T10:42:52Z,1.236,26.4674,0.5201,0.9548,26.02,26.787044,5.5985,69.596,7.738,312.7761,526.24,1.3000873443424164,0.049,996.681,0
2019-07-03T10:42:52Z,1.249,26.4678,0.5172,0.9505,26.055,26.823177,5.5945,69.544,7.734,312.7386,455.85,1.3019196611320318,0.053,996.6809,0
2019-07-03T10:42:52Z,1.261,26.4685,0.5132,0.9477,26.079,26.847192,5.5875,69.458,7.729,312.7227,432.54,1.3031644776132674,0.058,996.6808,0
2019-07-03T10:42:52Z,1.276,26.4681,0.5153,0.9543,26.056,26.823642,5.5725,69.273,7.725,312.8415,404.05,1.3019638075002968,0.063,996.6809,0
2019-07-03T10:42:52Z,1.296,26.4671,0.5165,0.9319,26.026,26.792201,5.5609,69.128,7.72,312.8846,412.92,1.3004107862697525,0.065,996.6812,0
2019-07-03T10:42:52Z,1.317,26.4657,0.5194,0.9066,26.019,26.784251,5.5647,69.173,7.718,312.8134,470.34,1.300080070878195,0.062,996.6818,0
2019-07-03T10:42:52Z,1.335,26.4641,0.5325,0.8446,26.026,26.790955,5.5792,69.352,7.718,312.7556,495.2,1.3004922661302782,0.056,996.6823,0
2019-07-03T10:42:52Z,1.35,26.4653,0.5537,0.7395,26.046,26.809817,5.6,69.608,7.72,312.7881,483.74,1.3015127080558668,0.051,996.682,0
2019-07-03T10:42:52Z,1.359,26.4664,0.5762,0.6836,26.058,26.821984,5.6372,70.067,7.72,312.9479,484.32,1.3021145638854683,0.046,996.6819,0
2019-07-03T10:42:52Z,1.364,26.4644,0.5876,0.661,26.048,26.811177,5.6937,70.768,7.72,313.1392,450.42,1.3016425331859676,0.045,996.6824,0
2019-07-03T10:42:52Z,1.37,26.4626,0.5783,0.6963,26.043,26.806034,5.7573,71.559,7.718,313.2947,439.65,1.3014283563948792,0.048,996.6828,0
2019-07-03T10:42:52Z,1.383,26.4614,0.5684,0.8147,26.06,26.823242,5.8143,72.268,7.711,313.2785,479.25,1.3023565248455709,0.052,996.6833,0
2019-07-03T10:42:52Z,1.401,26.4585,0.5717,0.8801,26.066,26.828915,5.8551,72.774,7.705,313.1158,501.68,1.3027517602329817,0.054,996.6841,0
2019-07-03T10:42:52Z,1.422,26.4572,0.5755,0.8972,26.049,26.811185,5.8779,73.057,7.703,313.0483,483.66,1.3018914584287753,0.053,996.6845,0
2019-07-03T10:42:52Z,1.441,26.459,0.571,0.8579,26.038,26.799185,5.8864,73.162,7.704,313.1496,444.8,1.301262467008456,0.049,996.6842,0
2019-07-03T10:42:52Z,1.453,26.4585,0.5687,0.7319,26.049,26.81072,5.8822,73.109,7.704,313.3088,415.42,1.3018554565289937,0.044,996.6844,0
2019-07-03T10:42:52Z,1.456,26.4564,0.574,0.6521,26.062,26.823758,5.8624,72.863,7.699,313.4244,392.52,1.3025977973248541,0.041,996.6849,0
2019-07-03T10:42:52Z,1.457,26.4563,0.5748,0.6469,26.067,26.829945,5.8311,72.476,7.693,313.5147,393.43,1.30286400016523,0.041,996.685,0
2019-07-03T10:42:52Z,1.465,26.4564,0.5689,0.6684,26.058,26.822089,5.8007,72.102,7.687,313.5407,477.92,1.3023870460458713,0.042,996.6849,0
2019-07-03T10:42:52Z,1.482,26.4561,0.5631,0.7496,26.028,26.792211000000002,5.7784,71.827,7.685,313.4798,544.95,1.3008145140706848,0.044,996.685,0
2019-07-03T10:42:52Z,1.503,26.4554,0.5656,0.875,26.022,26.785901,5.7599,71.596,7.687,313.4669,459.4,1.3005172633954698,0.045,996.6855,0
2019-07-03T10:42:52Z,1.518,26.4564,0.5731,0.9383,26.045,26.809243,5.7357,71.294,7.689,313.5569,383.62,1.301701400338529,0.044,996.6852,0
2019-07-03T10:42:52Z,1.526,26.4608,0.5758,0.9251,26.056,26.820672,5.6998,70.847,7.69,313.7076,409.23,1.302160416050677,0.039,996.6841,0
2019-07-03T10:42:52Z,1.531,26.4629,0.5898,0.8794,26.034,26.797207,5.6531,70.266,7.692,313.8261,432.42,1.3009440416792526,0.032,996.6835,0
2019-07-03T10:42:52Z,1.537,26.4624,0.6216,0.8446,26.017,26.779285,5.5976,69.576,7.695,313.7854,418.13,1.3000621939851962,0.028,996.6836,0
2019-07-03T10:42:52Z,1.542,26.4617,0.6394,0.8656,26.032,26.7943,5.5345,68.789,7.697,313.7324,390.84,1.3008713489229877,0.029,996.6839,0
2019-07-03T10:42:52Z,1.548,26.4606,0.6403,0.9026,26.026,26.788429,5.4691,67.977,7.697,313.8734,381.25,1.300585305993619,0.037,996.6842,0
2019-07-03T10:42:52Z,1.555,26.4595,0.6236,0.8992,26.011,26.771737,5.4085,67.222,7.693,314.0265,386.51,1.2998251678840307,0.048,996.6845,0
2019-07-03T10:42:52Z,1.567,26.4585,0.5932,0.8896,26.022,26.782807,5.3585,66.598,7.688,314.1216,398.95,1.300431784577719,0.061,996.6848,0
2019-07-03T10:42:52Z,1.584,26.4576,0.5842,0.9184,26.035,26.795391,5.3235,66.163,7.683,314.2482,439.49,1.3011410051064471,0.072,996.6851,0
2019-07-03T10:42:52Z,1.608,26.4572,0.5842,0.9189,26.037,26.796998,5.3017,65.89,7.679,314.3523,451.28,1.301256974932894,0.079,996.6853,0
2019-07-03T10:42:52Z,1.636,26.4566,0.5933,0.8957,26.042,26.80224,5.2892,65.734,7.675,314.4339,413.69,1.3015364370407083,0.082,996.6856,0
2019-07-03T10:42:52Z,1.661,26.4559,0.6169,0.8999,26.037,26.795339,5.2828,65.653,7.673,314.375,388.21,1.3012918452751414,0.078,996.6859,0
2019-07-03T10:42:52Z,1.681,26.4546,0.6265,0.9039,26.019,26.77699,5.2775,65.586,7.673,314.243,369.87,1.3003788837391324,0.071,996.6864,0
2019-07-03T10:42:52Z,1.696,26.4533,0.631,0.9114,26.014,26.770702,5.2726,65.522,7.673,314.387,373.06,1.3001508034736406,0.065,996.6868,0
2019-07-03T10:42:52Z,1.707,26.4522,0.6627,0.92490000000000006,26.029,26.782756,5.2701,65.485,7.671,314.739,380.49,1.3009709947708188,0.063,996.6872,0
2019-07-03T10:42:52Z,1.717,26.451,0.7071,0.936,26.044,26.795841,5.2705,65.483,7.669,314.9707,389.97,1.3017940426336605,0.065,996.6875,0
2019-07-03T10:42:52Z,1.731,26.4503,0.7252,0.9148,26.053,26.802033,5.2751,65.534,7.667,315.0378,406.56,1.3022872651135415,0.07,996.6877,0
2019-07-03T10:42:52Z,1.752,26.4484,0.7257,0.866,26.048,26.794168,5.2904,65.717,7.666,315.0346,385.42,1.302075524786343,0.075,996.6884,0
2019-07-03T10:42:52Z,1.778,26.4431,0.7213,0.8698,26.023,26.764188,5.3183,66.057,7.665,315.0177,449.82,1.3009028591407135,0.078,996.6899,0
2019-07-03T10:42:52Z,1.803,26.4366,0.7063,0.8954,26.018,26.756745,5.3539,66.494,7.665,315.0913,539.79,1.3008168024773914,0.077,996.6918,0
2019-07-03T10:42:52Z,1.825,26.4317,0.6919,0.8806,26.03,26.767617,5.4024,67.092,7.665,315.2358,511.42,1.3015830133997566,0.071,996.6932,0
2019-07-03T10:42:52Z,1.841,26.4256,0.6951,0.8873,26.033,26.76875,5.4689,67.913,7.665,315.2166,472.01,1.301907933931965,0.062,996.6949,0
2019-07-03T10:42:52Z,1.853,26.4183,0.7025,0.9111,26.036,26.770442,5.5474,68.883,7.668,315.0311,410.54,1.3022658342628923,0.055,996.6969,0
2019-07-03T10:42:52Z,1.862,26.4143,0.7025,0.8405,26.055,26.788067,5.6365,69.984,7.669,314.9723,349.29,1.3033771223534114,0.053,996.6981,0
2019-07-03T10:42:52Z,1.87,26.4112,0.7035,0.7222,26.06,26.791529,5.7356,71.21,7.668,315.0219,331.91,1.303725700327911,0.053,996.699,0
2019-07-03T10:42:52Z,1.882,26.407,0.7061,0.6604,26.02,26.748849,5.8356,72.448,7.666,315.0288,322.11,1.3017312676435455,0.056,996.7001,0
2019-07-03T10:42:52Z,1.901,26.4038,0.7085,0.6503,25.989,26.716124,5.9301,73.619,7.665,315.0553,345.76,1.300183843139386,0.059,996.7011,0
2019-07-03T10:42:52Z,1.921,26.4001,0.7056,0.6657,25.987,26.713051,6.0139,74.659,7.665,315.1706,375.46,1.3001792579143288,0.061,996.7022,0
2019-07-03T10:42:52Z,1.939,26.3952,0.697,0.6503,25.986,26.711689,6.0778,75.452,7.663,315.3896,363.22,1.3002603102487564,0.063,996.7036,0
2019-07-03T10:42:52Z,1.952,26.3925,0.691,0.6279,25.975,26.699653,6.1252,76.038,7.659,315.6382,333.92,1.2997538467315934,0.067,996.7043,0
2019-07-03T10:42:52Z,1.965,26.3919,0.6936,0.6566,25.97,26.694409,6.1674,76.561,7.654,315.7681,295.97,1.2995063787762113,0.072,996.7045,0
2019-07-03T10:42:52Z,1.98,26.3918,0.7035,0.7359,25.987,26.71172,6.2039,77.012,7.65,315.7552,276.52,1.3004056185106248,0.078,996.7046,0
2019-07-03T10:42:52Z,2,26.3908,0.707,0.8328,25.995,26.71864,6.2285,77.316,7.647,315.7409,278.13,1.3008547210220363,0.083,996.705,0
2019-07-03T10:42:52Z,2.028,26.3893,0.7004,0.8773,25.991,26.714637,6.2466,77.539,7.646,315.7672,243.21,1.300684404486665,0.086,996.7055,0
2019-07-03T10:42:52Z,2.058,26.3892,0.7019,0.881,26.003,26.726757,6.2687,77.814,7.647,315.7295,218.42,1.3013197318815408,0.084,996.7056,0
2019-07-03T10:42:52Z,2.084,26.3874,0.7078,0.878,26.014,26.738301,6.301,78.216,7.65,315.6293,216.63,1.3019489823543566,0.079,996.7063,0
2019-07-03T10:42:52Z,2.101,26.3854,0.7105,0.8733,26.003,26.727333,6.349,78.811,7.652,315.5879,200.43,1.3014232416674854,0.072,996.7069,0
2019-07-03T10:42:52Z,2.114,26.3853,0.7089,0.8898,25.998,26.721032,6.4132,79.607,7.653,315.6593,195.76,1.3011620618667976,0.066,996.707,0
2019-07-03T10:42:52Z,2.124,26.386,0.6976,0.881,26.003,26.725552,6.4801,80.434,7.653,315.8037,199.21,1.3014065461808895,0.063,996.7068,0
2019-07-03T10:42:52Z,2.137,26.3866,0.6868,0.8325,25.998,26.718537,6.5352,81.115,7.652,315.9574,192.99,1.3011262071301288,0.064,996.7067,0
2019-07-03T10:42:52Z,2.155,26.3858,0.6814,0.8274,25.98,26.699653,6.5803,81.672,7.651,316.0541,201.78,1.300198316550758,0.067,996.707,0
2019-07-03T10:42:52Z,2.176,26.3846,0.6764,0.8517,25.969,26.687551,6.6195,82.158,7.651,316.1122,223.08,1.2996505970175931,0.07,996.7075,0
2019-07-03T10:42:52Z,2.197,26.3822,0.6776,0.8642,25.981,26.699085,6.6515,82.553,7.651,316.1437,221.55,1.3003490130047333,0.071,996.7082,0
2019-07-03T10:42:52Z,2.217,26.3803,0.6878,0.8807,25.994,26.712227,6.6783,82.886,7.65,316.0917,205.1,1.3010866043504612,0.069,996.7088,0
2019-07-03T10:42:52Z,2.233,26.379,0.6956,0.8876,26,26.719567,6.713,83.316,7.65,316.1713,203.72,1.3014385898825274,0.066,996.7093,0
2019-07-03T10:42:52Z,2.247,26.3772,0.6944,0.8811,26.005,26.724399,6.7699,84.021,7.65,316.4179,214.19,1.3017515305480014,0.061,996.7097,0
2019-07-03T10:42:52Z,2.262,26.3769,0.6902,0.8685,25.989,26.707202,6.8434,84.933,7.65,316.493,207.43,1.300915325349057,0.056,996.7099,0
2019-07-03T10:42:52Z,2.276,26.3765,0.697,0.8661,25.984,26.701963,6.9154,85.827,7.651,316.4769,180.96,1.3006622926489388,0.052,996.71,0
2019-07-03T10:42:52Z,2.29,26.3761,0.7072,0.8842,26.006,26.724503,6.9748,86.564,7.652,316.5674,171.03,1.3018338951611081,0.05,996.7102,0
2019-07-03T10:42:52Z,2.303,26.3761,0.7004,0.8913,26.007,26.725967,7.0238,87.171,7.653,316.6406,186.02,1.3018864967031176,0.049,996.7103,0
2019-07-03T10:42:52Z,2.313,26.3757,0.6849,0.886,26.002,26.719661,7.0655,87.687,7.653,316.6731,186.61,1.3016334933340035,0.047,996.7105,0
2019-07-03T10:42:52Z,2.324,26.3758,0.6836,0.8865,25.995,26.711701,7.0935,88.033,7.651,316.7028,161.41,1.301261265794645,0.046,996.7104,0
2019-07-03T10:42:52Z,2.336,26.3757,0.7025,0.8968,25.977,26.693161,7.1033,88.153,7.649,316.6553,146.23,1.3003140819179433,0.045,996.7105,0
2019-07-03T10:42:52Z,2.349,26.3752,0.7231,0.9128,25.97,26.685812,7.1008,88.122,7.648,316.6156,145.33,1.2999582818635569,0.044,996.7107,0
2019-07-03T10:42:52Z,2.361,26.3745,0.7326,0.9148,25.97,26.686283,7.0976,88.081,7.647,316.7382,138.68,1.2999772653120123,0.044,996.711,0
2019-07-03T10:42:52Z,2.372,26.3736,0.7394,0.922,25.983,26.698858,7.1008,88.12,7.645,316.8482,125.13,1.300687681731578,0.044,996.7113,0
2019-07-03T10:42:52Z,2.381,26.3728,0.7362,0.9339,25.995,26.710968,7.1087,88.217,7.645,316.8262,117.12,1.3013427175869736,0.044,996.7115,0
2019-07-03T10:42:52Z,2.391,26.3726,0.7203,0.9269,25.991,26.70583,7.1153,88.298,7.645,316.8157,114.75,1.3011370054095914,0.045,996.7116,0
2019-07-03T10:42:52Z,2.403,26.3723,0.7115,0.9035,25.986,26.700166,7.1174,88.323,7.645,316.8947,109.39,1.3008812124742533,0.047,996.7117,0
2019-07-03T10:42:52Z,2.415,26.3714,0.707,0.881,25.992,26.705932,7.1159,88.302,7.644,317.0066,104.84,1.3012223278802686,0.05,996.7121,0
2019-07-03T10:42:52Z,2.429,26.3706,0.7015,0.884,25.998,26.712111,7.1125,88.259,7.644,317.0505,102.01,1.3015606713235772,0.052,996.7124,0
2019-07-03T10:42:52Z,2.444,26.3698,0.7144,0.9072,25.998,26.71143,7.1024,88.132,7.645,317.081,99.386,1.3015823806962938,0.053,996.7126,0
2019-07-03T10:42:52Z,2.459,26.3688,0.7325,0.8988,25.985,26.697694,7.0779,87.827,7.646,317.1171,97.656,1.3009235489796398,0.053,996.7129,0
2019-07-03T10:42:52Z,2.473,26.3682,0.7305,0.8487,25.961,26.672904,7.0448,87.415,7.647,317.143,95.837,1.2996733114817596,0.051,996.7132,0
2019-07-03T10:42:52Z,2.485,26.3673,0.7242,0.8248,25.954,26.665469,7.0179,87.08,7.648,317.1362,93.518,1.2993283884051103,0.048,996.7134,0
2019-07-03T10:42:52Z,2.496,26.3663,0.7258,0.8402,25.959,26.671236,7.0065,86.937,7.648,317.1202,91.978,1.2996194592909296,0.046,996.7137,0
2019-07-03T10:42:52Z,2.508,26.3655,0.7326,0.8703,25.967,26.679196,7.0108,86.991,7.648,317.2079,90.891,1.3000633672613933,0.045,996.714,0
2019-07-03T10:42:52Z,2.519,26.3648,0.7369,0.894,25.986,26.698271,7.024,87.154,7.648,317.3355,89.153,1.301085094216803,0.046,996.7142,0
2019-07-03T10:42:52Z,2.529,26.3642,0.7342,0.897,26,26.711544,7.0377,87.324,7.647,317.4584,87.645,1.3018403154108524,0.048,996.7145,0
2019-07-03T10:42:52Z,2.539,26.3635,0.7262,0.9072,26.001,26.712793,7.0479,87.451,7.644,317.5763,86.702,1.3019121604340647,0.05,996.7147,0
2019-07-03T10:42:52Z,2.554,26.3634,0.709,0.9188,26.002,26.71337,7.0522,87.504,7.642,317.6423,85.448,1.3019674900024352,0.051,996.7148,0
2019-07-03T10:42:52Z,2.57,26.3631,0.6996,0.9063,26.007,26.718518,7.0513,87.491,7.639,317.6542,84.188,1.3022393863566033,0.05,996.715,0
2019-07-03T10:42:52Z,2.585,26.3629,0.7077,0.8873,26.001,26.711597,7.0474,87.441,7.637,317.6337,83.25,1.3019279781997526,0.048,996.7151,0
2019-07-03T10:42:52Z,2.598,26.363,0.712,0.8204,25.983,26.693132,7.0401,87.348,7.637,317.6528,82.223,1.3009750718080098,0.045,996.7151,0
2019-07-03T10:42:52Z,2.608,26.3628,0.7087,0.7199,25.975,26.685579,7.0321,87.249,7.638,317.7134,81.216,1.3005581745171786,0.043,996.7152,0
2019-07-03T10:42:52Z,2.615,26.3624,0.7024,0.6875,25.974,26.683714,7.0311,87.237,7.638,317.764,80.369,1.3005162698420518,0.043,996.7153,0
2019-07-03T10:42:52Z,2.622,26.3611,0.6965,0.6911,25.961,26.670592,7.0374,87.315,7.636,317.834,79.481,1.2998657025305638,0.048,996.7157,0
2019-07-03T10:42:52Z,2.633,26.3598,0.7072,0.7306,25.945,26.653801,7.041,87.361,7.634,317.9585,78.72,1.29905669202569,0.055,996.7161,0
2019-07-03T10:42:52Z,2.649,26.3597,0.7278,0.8378,25.962,26.671008,7.0385,87.328,7.632,318.065,78.033,1.2999564535473092,0.062,996.7162,0
2019-07-03T10:42:52Z,2.669,26.3598,0.737,0.9052,25.98,26.688319,7.0377,87.316,7.629,318.0883,77.108,1.3009034882191597,0.068,996.7163,0
2019-07-03T10:42:52Z,2.692,26.3597,0.7406,0.8898,25.966,26.67279,7.0469,87.426,7.627,318.0679,76.239,1.300166985512619,0.07,996.7164,0
2019-07-03T10:42:52Z,2.712,26.36,0.7365,0.8492,25.967,26.673567,7.0611,87.6,7.627,318.0764,75.689,1.3002112883937955,0.067,996.7164,0
2019-07-03T10:42:52Z,2.729,26.3594,0.7133,0.774,25.991,26.697704,7.0699,87.707,7.627,318.105,75.187,1.3014942584176175,0.062,996.7167,0
2019-07-03T10:42:52Z,2.742,26.3574,0.6938,0.6692,26.004,26.710865,7.073,87.746,7.627,318.1563,74.693,1.3022351158852674,0.057,996.7173,0
2019-07-03T10:42:52Z,2.752,26.3555,0.6998,0.6308,25.999,26.705822,7.073,87.745,7.627,318.2668,74.344,1.3020231503550759,0.052,996.7178,0
2019-07-03T10:42:52Z,2.764,26.3539,0.7088,0.6697,25.994,26.700168,7.0716,87.727,7.626,318.3223,73.989,1.3018029117300196,0.048,996.7183,0
2019-07-03T10:42:52Z,2.777,26.3526,0.7076,0.746,26,26.705946,7.0746,87.765,7.624,318.3113,73.556,1.3021551067441195,0.046,996.7187,0
2019-07-03T10:42:52Z,2.79,26.352,0.7195,0.8328,26.006,26.712239,7.0838,87.88,7.624,318.3057,73.251,1.302488133352807,0.046,996.7189,0
2019-07-03T10:42:52Z,2.802,26.3518,0.7402,0.8678,26.006,26.712815,7.0965,88.037,7.623,318.34,73.11,1.3024934642443196,0.048,996.7191,0
2019-07-03T10:42:52Z,2.812,26.3521,0.749,0.8733,26.007,26.71291,7.1153,88.267,7.621,318.4684,72.926,1.302537905169847,0.051,996.719,0
2019-07-03T10:42:52Z,2.821,26.3525,0.7482,0.8674,26.008,26.713381,7.1394,88.565,7.62,318.5675,72.595,1.3025796418700872,0.054,996.7189,0
2019-07-03T10:42:52Z,2.835,26.3525,0.7484,0.8612,26.014,26.71852,7.1607,88.828,7.617,318.5058,72.23,1.3028962507828958,0.058,996.719,0
2019-07-03T10:42:52Z,2.854,26.3523,0.7425,0.8973,26.007,26.71159,7.1773,89.032,7.615,318.4104,71.991,1.3025318999162332,0.06,996.7192,0
2019-07-03T10:42:52Z,2.873,26.3512,0.7294,0.9107,25.989,26.69304,7.1902,89.191,7.615,318.4467,71.825,1.301611554055174,0.06,996.7196,0
2019-07-03T10:42:52Z,2.89,26.3494,0.7281,0.8918,25.981,26.684545,7.1989,89.298,7.615,318.5144,71.63,1.3012383364645332,0.059,996.7201,0
2019-07-03T10:42:52Z,2.905,26.3484,0.7354,0.8988,25.97,26.672328,7.2055,89.378,7.616,318.54,71.525,1.3006847753688024,0.058,996.7204,0
2019-07-03T10:42:52Z,2.917,26.348,0.7404,0.8963,25.971,26.672205,7.2079,89.405,7.617,318.6705,71.432,1.300748393568876,0.057,996.7206,0
2019-07-03T10:42:52Z,2.928,26.3475,0.744,0.8615,25.982,26.683059,7.2015,89.323,7.617,318.8021,71.098,1.3013427078235906,0.057,996.7207,0
2019-07-03T10:42:52Z,2.942,26.3464,0.7362,0.8386,25.977,26.676671,7.1893,89.17,7.615,318.755,70.76,1.3011086851598972,0.059,996.7211,0
2019-07-03T10:42:52Z,2.957,26.3451,0.7244,0.849,25.959,26.658406,7.1787,89.038,7.613,318.7024,70.582,1.3001937786624833,0.062,996.7215,0
2019-07-03T10:42:52Z,2.975,26.3437,0.7299,0.8561,25.954,26.652543,7.1727,88.964,7.611,318.768,70.327,1.2999678924369182,0.066,996.7219,0
2019-07-03T10:42:52Z,2.995,26.3421,0.7432,0.8596,25.97,26.669218,7.1701,88.931,7.611,318.8606,70.017,1.3008562001304413,0.068,996.7225,0
2019-07-03T10:42:52Z,3.014,26.3411,0.7463,0.8586,25.97,26.669699,7.1714,88.948,7.611,318.9619,69.75,1.3008833586860897,0.068,996.7228,0
2019-07-03T10:42:52Z,3.03,26.3409,0.7326,0.8103,25.959,26.658363,7.1783,89.035,7.609,319.0456,69.492,1.300307820415268,0.067,996.723,0
2019-07-03T10:42:52Z,3.045,26.3406,0.716,0.7339,25.959,26.659035,7.1873,89.145,7.607,319.0126,69.244,1.3003158553052387,0.064,996.7231,0
2019-07-03T10:42:52Z,3.06,26.3402,0.7102,0.689,25.978,26.677824,7.1946,89.235,7.607,318.9076,68.896,1.3013298529473378,0.06,996.7233,0
2019-07-03T10:42:52Z,3.077,26.3408,0.7058,0.6613,25.995,26.695222,7.2017,89.321,7.608,318.8943,68.489,1.3022108523205638,0.057,996.7232,0
2019-07-03T10:42:52Z,3.093,26.3423,0.7068,0.6283,25.98,26.679062,7.2076,89.392,7.608,318.9383,68.254,1.3013774760216166,0.055,996.7228,0
2019-07-03T10:42:52Z,3.106,26.342,0.7222,0.6173,25.974,26.672767,7.2097,89.418,7.608,318.9227,68.063,1.3010687527518072,0.053,996.723,0
2019-07-03T10:42:52Z,3.118,26.3407,0.736,0.6266,25.984,26.682544,7.211,89.433,7.609,318.8781,67.74,1.3016322445662691,0.053,996.7234,0
2019-07-03T10:42:52Z,3.129,26.3395,0.7346,0.6421,25.973,26.670386,7.2152,89.484,7.609,318.9148,67.404,1.3010841390538255,0.053,996.7238,0
2019-07-03T10:42:52Z,3.142,26.3386,0.7318,0.7072,25.956,26.652651,7.2217,89.564,7.609,319.1078,67.069,1.3002109976396068,0.054,996.7241,0
2019-07-03T10:42:52Z,3.157,26.338,0.7369,0.8241,25.962,26.658436,7.2295,89.66,7.608,319.3198,66.723,1.3005440463605735,0.056,996.7244,0
2019-07-03T10:42:52Z,3.172,26.3374,0.744,0.9077,25.98,26.676882,7.2377,89.761,7.607,319.4121,66.424,1.3015107834006532,0.058,996.7246,0
2019-07-03T10:42:52Z,3.187,26.3369,0.748,0.9319,25.989,26.685357,7.2443,89.841,7.607,319.4497,66.155,1.3019995590253497,0.059,996.7247,0
2019-07-03T10:42:52Z,3.205,26.3363,0.7416,0.8866,26,26.697468,7.2494,89.903,7.605,319.5168,65.961,1.3025966803220177,0.061,996.7249,0
2019-07-03T10:42:52Z,3.22,26.3359,0.7367,0.8518,26,26.696438,7.254,89.958,7.602,319.6207,65.805,1.3026074345037326,0.064,996.7251,0
2019-07-03T10:42:52Z,3.232,26.3355,0.7403,0.9053,25.977,26.672897,7.2555,89.976,7.599,319.6732,65.581,1.301403688779369,0.069,996.7252,0
2019-07-03T10:42:52Z,3.246,26.3346,0.7422,0.9433,25.972,26.666607,7.2516,89.926,7.597,319.6356,65.371,1.3011641684390824,0.072,996.7257,0
2019-07-03T10:42:52Z,3.268,26.3341,0.768,0.9176,25.989,26.683822,7.2436,89.825,7.597,319.5961,65.127,1.3020753275190469,0.073,996.7259,0
2019-07-03T10:42:52Z,3.294,26.3339,0.819,0.8891,25.996,26.690714,7.2331,89.695,7.598,319.6262,64.804,1.3024501106701347,0.072,996.726,0
2019-07-03T10:42:52Z,3.317,26.3327,0.8554,0.8942,25.991,26.686501,7.2251,89.596,7.598,319.7413,64.697,1.3022186744706863,0.07,996.7264,0
2019-07-03T10:42:52Z,3.333,26.3308,0.8703,0.9137,26.001,26.696324,7.2252,89.599,7.598,319.8696,64.787,1.3027987386303834,0.066,996.727,0
2019-07-03T10:42:52Z,3.344,26.3297,0.8598,0.8948,25.988,26.682598,7.2348,89.719,7.598,319.9727,64.814,1.3021421587984958,0.061,996.7273,0
2019-07-03T10:42:52Z,3.355,26.33,0.8059,0.8627,25.953,26.647419,7.2493,89.899,7.598,320.0419,64.84,1.3002853792920603,0.057,996.7273,0
2019-07-03T10:42:52Z,3.37,26.3308,0.7313,0.8863,25.957,26.651622,7.2638,90.08,7.598,320.0179,64.78,1.3004745374817965,0.053,996.7272,0
2019-07-03T10:42:52Z,3.386,26.3311,0.694,0.9173,25.974,26.669982,7.2787,90.264,7.598,319.9402,64.722,1.3013638801382708,0.051,996.7272,0
2019-07-03T10:42:52Z,3.402,26.3315,0.694,0.9108,25.983,26.679086,7.2908,90.414,7.599,319.8766,64.966,1.3018280269709728,0.048,996.7271,0
2019-07-03T10:42:52Z,3.414,26.3318,0.7222,0.9048,26.002,26.698253,7.2996,90.523,7.601,319.852,65.312,1.3028231033715105,0.046,996.7271,0
2019-07-03T10:42:52Z,3.423,26.3324,0.7749,0.9109,26.015,26.711411,7.3081,90.629,7.602,319.9006,65.562,1.3034931440034174,0.044,996.727,0
2019-07-03T10:42:52Z,3.43,26.3324,0.8022,0.9193,26.015,26.711297,7.3178,90.748,7.604,319.9472,65.916,1.303493080322106,0.044,996.727,0
2019-07-03T10:42:52Z,3.438,26.3322,0.8012,0.9075,26.005,26.696866,7.3291,90.874,7.604,319.9862,66.369,1.3029703209138705,0.047,996.7271,0
2019-07-03T10:42:52Z,3.451,26.332,0.7886,0.8667,25.988,26.663798,7.3409,90.971,7.602,320.1134,66.675,1.3020777998059911,0.053,996.7272,0
2019-07-03T10:42:52Z,3.466,26.333,0.7631,0.8522,25.978,26.628658,7.3503,91.008,7.599,320.1944,67.057,1.3015220802471343,0.059,996.7269,0
2019-07-03T10:42:52Z,3.484,26.3328,0.7432,0.8636,25.962,26.589155,7.3531,90.97,7.599,320.1912,67.692,1.300682378168155,0.066,996.7271,0
2019-07-03T10:42:52Z,3.503,26.3307,0.7386,0.8729,25.906,26.503343,7.3492,90.833,7.599,320.2469,68.36,1.2977824514885798,0.071,996.7277,0
2019-07-03T10:42:52Z,3.522,26.3036,0.725,0.8992,25.83,26.352348,7.3517,90.631,7.599,320.3521,69.212,1.2945081830125258,0.074,996.7351,0
2019-07-03T10:42:52Z,3.54,26.2389,0.7,0.9198,25.808,26.159071,7.3815,90.449,7.6,320.4311,70.124,1.2951105266207057,0.074,996.7526,0
2019-07-03T10:42:52Z,3.56,26.1993,0.6967,0.92490000000000006,25.878,25.942497,7.4444,90.297,7.603,320.4277,70.899,1.2998983195846134,0.073,996.7633,0
2019-07-03T10:42:52Z,3.58,26.1726,0.7115,0.9279,26.048,25.763368,7.5171,90.059,7.605,320.3969,72.068,1.309638804882431,0.07,996.7705,0
2019-07-03T10:42:52Z,3.599,26.0767,0.723,0.8589,26.309,25.705554,7.5563,89.525,7.604,320.4019,73.503,1.3261605622586197,0.062,996.7962,0
2019-07-03T10:42:52Z,3.616,25.7675,0.7231,0.7126,26.574,25.750506,7.5364,88.616,7.604,320.4021,74.644,1.3490598945547019,0.052,996.8781,0
2019-07-03T10:42:52Z,3.631,25.1697,0.7206,0.6342,26.745,25.799069,7.4743,87.519,7.606,320.3995,76.308,1.3756533962605713,0.042,997.034,0
2019-07-03T10:42:52Z,3.64,24.4238,0.7273,0.6652,26.799,25.785053,7.3985,86.429,7.61,320.4572,78.804,1.400929823880455,0.035,997.2237,0
2019-07-03T10:42:52Z,3.643,23.7698,0.7356,0.7267,26.772,25.707834,7.322,85.38,7.615,320.6691,81.39,1.4195249837523107,0.033,997.3857,0
2019-07-03T10:42:52Z,3.643,23.3779,0.743,0.7867,26.743,25.626605,7.2552,84.44,7.619,320.9822,85.465,1.4301596757493593,0.035,997.481,0
2019-07-03T10:42:52Z,3.649,23.1969,0.7471,0.8347,26.739,25.564102,7.2126,83.769,7.623,321.2317,90.075,1.4356548049151505,0.04,997.5244,0
2019-07-03T10:42:52Z,3.664,23.0971,0.7426,0.8478,26.695,25.459542,7.1983,83.416,7.627,321.3636,94.137,1.436327135242594,0.049,997.5483,0
2019-07-03T10:42:52Z,3.682,23.0105,0.74,0.8466,26.636,25.313856,7.2113,83.302,7.629,321.5437,100.55,1.435727037614388,0.059,997.5689,0
2019-07-03T10:42:52Z,3.699,22.9135,0.7585,0.853,26.641,25.198111,7.2423,83.298,7.629,321.9467,103.04,1.4391026406600191,0.069,997.5918,0
2019-07-03T10:42:52Z,3.717,22.7912,0.784,0.8591,26.705,25.138338,7.2682,83.236,7.629,322.7094,98.596,1.4466748755477477,0.077,997.6207,0
2019-07-03T10:42:52Z,3.737,22.6982,0.7971,0.8879,26.773,25.098463,7.2765,83.021,7.628,323.7959,95.991,1.4535666053590992,0.082,997.6426,0
2019-07-03T10:42:52Z,3.757,22.5482,0.8132,0.9398,26.807,25.033031,7.2711,82.669,7.625,324.5006,93.908,1.4603887337468229,0.086,997.6775,0
2019-07-03T10:42:52Z,3.781,22.278,0.9084,0.9623,26.848,24.981434,7.2502,82.162,7.623,324.6041,90.776,1.4716103539586063,0.086,997.74,0
2019-07-03T10:42:52Z,3.808,22.0461,1.0733,0.9306,26.927,24.981973,7.2077,81.466,7.624,324.5312,89.723,1.4838858009222808,0.08,997.7932,0
2019-07-03T10:42:52Z,3.834,21.8694,1.1594,0.8841,26.973,24.976017,7.1514,80.688,7.626,324.4805,88.433,1.492488777292526,0.069,997.8333,0
2019-07-03T10:42:52Z,3.855,21.6836,1.1692,0.8908,26.995,24.972789,7.0958,79.993,7.628,324.7654,87.718,1.5000546941009447,0.059,997.8752,0
2019-07-03T10:42:52Z,3.865,21.5069,1.2615,0.9137,27.034,25.006352,7.0523,79.498,7.63,325.3074,88.318,1.5083669033907967,0.051,997.9145,0
2019-07-03T10:42:52Z,3.866,21.3655,1.4343,0.8982,27.017,25.001201,7.0282,79.255,7.631,325.6995,89.677,1.5122124860975426,0.047,997.9459,0
2019-07-03T10:42:52Z,3.869,21.2767,1.533,0.9008,26.921,24.910527,7.0281,79.248,7.631,325.8929,92.309,1.5095855071600266,0.049,997.9654,0
2019-07-03T10:42:52Z,3.881,21.2363,1.5534,0.9121,26.844,24.798122,7.0538,79.418,7.631,326.0116,93.982,1.506411916601881,0.054,997.9743,0
2019-07-03T10:42:52Z,3.901,21.235,1.6544,0.9044,26.851,24.720478,7.0998,79.693,7.632,326.1025,93.775,1.5068708778197633,0.062,997.9748,0
2019-07-03T10:42:52Z,3.925,21.2713,1.8534,0.9059,26.905,24.669413,7.1502,79.964,7.632,326.2172,93.819,1.5088226926406214,0.069,997.9669,0
2019-07-03T10:42:52Z,3.946,21.2907,1.9649,0.8965,26.958,24.624616,7.1858,80.09,7.633,326.4515,95.539,1.511293243917171,0.071,997.9627,0
2019-07-03T10:42:52Z,3.963,21.2193,1.9714,0.8892,26.971,24.559324,7.2013,80.036,7.633,326.6993,97.215,1.514522516428267,0.069,997.9785,0
2019-07-03T10:42:52Z,3.978,21.0378,1.9667,0.9165,26.997,24.514212,7.2027,79.852,7.633,326.8902,99.204,1.5223543151208345,0.065,998.018,0
2019-07-03T10:42:52Z,3.993,20.8327,1.899,0.8985,27.076,24.523125,7.1952,79.584,7.633,327.1249,102.79,1.534242232473274,0.061,998.0624,0
2019-07-03T10:42:52Z,4.008,20.6555,1.7772,0.8358,27.141,24.540132,7.1765,79.259,7.633,327.2994,104.18,1.5444003897641607,0.057,998.1004,0
2019-07-03T10:42:52Z,4.023,20.5168,1.7081,0.8467,27.141,24.529477,7.1468,78.901,7.635,327.4509,102.1,1.5493367723726577,0.056,998.13,0
2019-07-03T10:42:52Z,4.038,20.4015,1.6966,0.8983,27.067,24.457726,7.1213,78.604,7.636,327.7531,100.72,1.5489877332044124,0.056,998.1543,0
2019-07-03T10:42:52Z,4.05,20.2636,1.6471,0.9031,27.002,24.370384,7.1144,78.444,7.636,327.9413,100.35,1.5499891078155625,0.057,998.1834,0
2019-07-03T10:42:52Z,4.063,20.177,1.5421,0.9037,26.987,24.298048,7.1225,78.364,7.636,327.9193,99.591,1.5521870418839239,0.059,998.2015,0
2019-07-03T10:42:52Z,4.077,20.1811,1.4768,0.9065,26.99,24.21738,7.132,78.228,7.637,328.0041,99.058,1.5522216800647133,0.061,998.2007,0
2019-07-03T10:42:52Z,4.094,20.1974,1.4647,0.8712,27.035,24.156129,7.136,77.978,7.637,328.1912,100.16,1.5543679961326422,0.063,998.1974,0
2019-07-03T10:42:52Z,4.114,20.1421,1.4558,0.8708,27.112,24.128238,7.131,77.646,7.637,328.2893,100.67,1.5610416563193,0.064,998.2089,0
2019-07-03T10:42:52Z,4.131,20.0265,1.4383,0.9017,27.196,24.133753,7.1119,77.244,7.638,328.3308,97.665,1.570354708789439,0.063,998.2329,0
2019-07-03T10:42:52Z,4.147,19.8754,1.4178,0.8838,27.192,24.095855,7.0802,76.801,7.638,328.4338,97,1.575634063282394,0.061,998.264,0
2019-07-03T10:42:52Z,4.162,19.6662,1.4075,0.8834,27.091,23.987144,7.0458,76.374,7.638,328.5026,97.92,1.5771238271317964,0.061,998.3068,0
2019-07-03T10:42:52Z,4.175,19.4705,1.4088,0.9628,27.032,23.897693,7.0247,76.04,7.638,328.4741,97.067,1.5807122895395687,0.063,998.3464,0
2019-07-03T10:42:52Z,4.188,19.3422,1.4161,1.0238,27.044,23.838894,7.0253,75.85,7.637,328.5192,98.72,1.5862167767191016,0.067,998.3721,0
2019-07-03T10:42:52Z,4.204,19.2878,1.4186,1.0314,27.08,23.783583,7.0403,75.764,7.635,328.6182,100.25,1.5904769072431084,0.071,998.383,0
2019-07-03T10:42:52Z,4.225,19.284300000000002,1.4131,1.0553,27.126,23.736281,7.0597,75.726,7.632,328.7244,98.756,1.5934615638412275,0.074,998.3837,0
2019-07-03T10:42:52Z,4.249,19.2247,1.4014,1.0508,27.183,23.710888,7.0812,75.741,7.629,328.9425,97.438,1.5992367270868144,0.074,998.3956,0
2019-07-03T10:42:52Z,4.272,19.0824,1.3814,0.9765,27.198,23.666756,7.1047,75.831,7.627,329.277,96.36,1.605537079559968,0.072,998.4238,0
2019-07-03T10:42:52Z,4.291,18.9066,1.3614,0.9107,27.149,23.583212,7.1338,76.024,7.626,329.5851,94.986,1.609142445562787,0.069,998.4583,0
2019-07-03T10:42:52Z,4.305,18.7412,1.3503,0.9112,27.132,23.525334,7.1746,76.336,7.625,329.7423,97.726,1.614383266030888,0.067,998.4905,0
2019-07-03T10:42:52Z,4.315,18.5946,1.3509,0.9167,27.199,23.5378,7.2258,76.75,7.625,329.8871,100.7,1.624233557320278,0.067,998.5187,0
2019-07-03T10:42:52Z,4.33,18.4897,1.3697,0.8785,27.31,23.607005,7.2741,77.186,7.624,330.2174,96.929,1.6353101141307689,0.068,998.5387,0
2019-07-03T10:42:52Z,4.35,18.433,1.3954,0.8753,27.37,23.664287,7.3087,77.568,7.623,330.6392,93.854,1.64131965758284,0.07,998.5495,0
2019-07-03T10:42:52Z,4.374,18.3566,1.4095,0.9107,27.34,23.65951,7.3383,77.947,7.622,331.0285,93.516,1.6424050915500419,0.073,998.5641,0
2019-07-03T10:42:52Z,4.395,18.253,1.4109,0.9128,27.268,23.61271,7.3743,78.373,7.621,331.3975,92.763,1.641888107706763,0.075,998.5837,0
2019-07-03T10:42:52Z,4.413,18.1888,1.4208,0.9015,27.188,23.54248,7.4156,78.808,7.621,331.6593,93.008,1.6393107043329296,0.076,998.5959,0
2019-07-03T10:42:52Z,4.428,18.2144,1.4418,0.9054,27.105,23.444686,7.4586,79.187,7.621,331.6979,90.601,1.633023716952934,0.074,998.5912,0
2019-07-03T10:42:52Z,4.446,18.2753,1.4486,0.8934,27.019,23.318311,7.4993,79.461,7.62,331.5197,88.143,1.6251842408874095,0.072,998.5798,0
2019-07-03T10:42:52Z,4.467,18.3016,1.4516,0.8887,26.986,23.219629,7.5323,79.601,7.619,331.3981,89.699,1.6220683843016035,0.071,998.5749,0
2019-07-03T10:42:52Z,4.487,18.3083,1.452,0.9133,27.059,23.202912,7.5549,79.601,7.619,331.5177,90.925,1.626444235741189,0.069,998.5737,0
2019-07-03T10:42:52Z,4.504,18.2654,1.4354,0.9293,27.121,23.17952,7.5632,79.455,7.62,331.5894,90.592,1.6320516629361197,0.068,998.5818,0
2019-07-03T10:42:52Z,4.521,18.1545,1.4154,0.9191,27.065,23.063564,7.5571,79.182,7.621,331.5772,91.617,1.63281198033142,0.066,998.6027,0
2019-07-03T10:42:52Z,4.536,18.0254,1.4015,0.8871,27.013,22.942572,7.5506,78.884,7.621,331.6282,91.809,1.6345412545632536,0.063,998.6267,0
2019-07-03T10:42:52Z,4.551,17.8713,1.3718,0.8705,27.092,22.9217,7.5505,78.62,7.621,331.6035,88.874,1.6456659927756496,0.059,998.6551,0
2019-07-03T10:42:52Z,4.569,17.7172,1.3163,0.8823,27.194,22.937958,7.5445,78.347,7.621,331.6225,86.542,1.6583492858417566,0.057,998.6834,0
2019-07-03T10:42:52Z,4.586,17.6089,1.2753,0.8986,27.175,22.885338,7.5308,78.094,7.622,331.8579,85.977,1.6614564343207894,0.057,998.703,0
2019-07-03T10:42:52Z,4.597,17.4783,1.2664,0.9035,27.099,22.792873,7.5273,77.974,7.622,332.2138,85.87,1.6617798649609146,0.06,998.7265,0
2019-07-03T10:42:52Z,4.606,17.2848,1.2694,0.8755,27.056,22.707964,7.5482,78.042,7.622,332.484,84.785,1.6667850848914818,0.065,998.761,0
2019-07-03T10:42:52Z,4.62,17.1408,1.2595,0.7902,27.039,22.619814,7.5925,78.273,7.622,332.6296,83.475,1.6715123132710312,0.071,998.7865,0
2019-07-03T10:42:52Z,4.642,17.0971,1.2335,0.6916,27.059,22.55155,7.6506,78.615,7.622,332.7695,82.973,1.6745970712463598,0.076,998.7942,0
2019-07-03T10:42:52Z,4.667,17.0707,1.2156,0.6335,27.11,22.516783,7.7081,78.969,7.622,332.7982,82.542,1.679010483765693,0.079,998.7989,0
2019-07-03T10:42:52Z,4.692,16.9807,1.217,0.6447,27.183,22.516502,7.7556,79.267,7.622,332.8046,82.822,1.6874834194185906,0.079,998.8147,0
2019-07-03T10:42:52Z,4.714,16.8285,1.2154,0.6965,27.268,22.548081,7.7907,79.508,7.622,332.9336,83.888,1.6993607368448294,0.075,998.841,0
2019-07-03T10:42:52Z,4.732,16.661,1.1877,0.7019,27.249,22.517976,7.8132,79.693,7.622,333.0661,84.079,1.705082690151528,0.07,998.8697,0
2019-07-03T10:42:52Z,4.745,16.5142,1.1595,0.6776,27.133,22.406196,7.8348,79.866,7.623,333.2891,82.04,1.7035346991540723,0.065,998.8946,0
2019-07-03T10:42:52Z,4.758,16.3981,1.1513,0.6649,27.1,22.338273,7.8666,80.064,7.625,333.6506,80.369,1.7062072154597612,0.062,998.9142,0
2019-07-03T10:42:52Z,4.774,16.3185,1.1147,0.7121,27.16,22.33097,7.8999,80.225,7.625,333.9096,79.179,1.7135550204221892,0.061,998.9275,0
2019-07-03T10:42:52Z,4.791,16.3134,1.0375,0.8216,27.209,22.317824,7.9254,80.315,7.624,333.9259,77.114,1.7170382871190408,0.063,998.9285,0
2019-07-03T10:42:52Z,4.807,16.3125,0.9899,0.8747,27.248,22.30612,7.9434,80.363,7.624,333.8477,76.675,1.7196777113978652,0.066,998.9287,0
2019-07-03T10:42:52Z,4.823,16.2212,0.9819,0.8637,27.293,22.316257,7.9539,80.385,7.623,333.8242,77.424,1.7265625056899585,0.068,998.9438,0
2019-07-03T10:42:52Z,4.841,16.1016,0.9401,0.8851,27.308,22.3135,7.9629,80.426,7.623,333.8998,76.712,1.7326766590228138,0.069,998.9635,0
2019-07-03T10:42:52Z,4.86,16.0026,0.8569,0.9038,27.287,22.272769,7.983,80.555,7.623,334.0735,75.772,1.735514336668812,0.07,998.9797,0
2019-07-03T10:42:52Z,4.879,15.9166,0.8088,0.8599,27.256,22.20433,8.0176,80.77,7.622,334.1178,75.92,1.7371282794290537,0.071,998.9938,0
2019-07-03T10:42:52Z,4.897,15.8688,0.8003,0.8459,27.223,22.120244,8.0586,81.001,7.621,334.091,75.18,1.7369633034493102,0.072,999.0016,0
2019-07-03T10:42:52Z,4.914,15.8577,0.7799,0.8661,27.246,22.080594,8.0946,81.177,7.621,334.1793,73.62,1.738993409165585,0.072,999.0034,0
2019-07-03T10:42:52Z,4.932,15.824,0.7537,0.875,27.329,22.105427,8.1157,81.253,7.622,334.2393,72.716,1.7460544873412729,0.071,999.0089,0
2019-07-03T10:42:52Z,4.952,15.739,0.743,0.8878,27.354,22.103301,8.1205,81.231,7.623,334.2135,71.982,1.7514393072164445,0.068,999.0226,0
2019-07-03T10:42:52Z,4.971,15.6262,0.738,0.8892,27.313,22.054866,8.1185,81.161,7.622,334.1253,71.968,1.753581434744932,0.065,999.0405,0
2019-07-03T10:42:52Z,4.987,15.5074,0.7364,0.8925,27.312,22.027216,8.117,81.062,7.621,334.206,71.858,1.7587172426339788,0.06,999.0593,0
2019-07-03T10:42:52Z,5.002,15.4214,0.7496,0.8618,27.345,22.022663,8.1116,80.907,7.621,334.5012,70.581,1.764751830609063,0.056,999.0728,0
2019-07-03T10:42:52Z,5.015,15.3937,0.7764,0.8137,27.347,21.999784,8.1028,80.741,7.621,334.6836,70.606,1.766111126921741,0.054,999.0773,0
2019-07-03T10:42:52Z,5.026,15.3832,0.8002,0.8022,27.311,21.940835,8.1061,80.679,7.621,334.7764,70.866,1.7641161689827303,0.054,999.0789,0
2019-07-03T10:42:52Z,5.036,15.327,0.8031,0.8207,27.299,21.88074,8.1281,80.737,7.62,335.0209,69.463,1.7657787478807145,0.059,999.0876,0
2019-07-03T10:42:52Z,5.049,15.2525,0.7944,0.9071,27.332,21.843969,8.1553,80.805,7.619,335.4029,69.238,1.7713392017528906,0.069,999.0991,0
2019-07-03T10:42:52Z,5.067,15.2212,0.7894,1.0275,27.373,21.813296,8.1755,80.803,7.616,335.7812,69.601,1.7755416240051405,0.082,999.1041,0
2019-07-03T10:42:52Z,5.09,15.184,0.7873,1.0956,27.392,21.763519,8.1846,80.686,7.613,336.0677,68.138,1.7785037939893036,0.093,999.1098,0
2019-07-03T10:42:52Z,5.117,15.0801,0.7948,1.1411,27.384,21.686036,8.1826,80.44,7.611,336.1994,67.329,1.7826012430754687,0.103,999.1257,0
2019-07-03T10:42:52Z,5.15,14.953,0.7933,1.282,27.413,21.637491,8.1705,80.093,7.611,336.2549,66.991,1.7903154216541362,0.108,999.1451,0
2019-07-03T10:42:52Z,5.182,14.8424,0.7692,1.4887,27.474,21.620474,8.146,79.646,7.61,336.3093,65.612,1.7995405620608826,0.109,999.1619,0
2019-07-03T10:42:52Z,5.21,14.7291,0.7546,1.5757,27.531,21.607059,8.1104,79.116,7.608,336.3401,65.143,1.8086592338025567,0.107,999.1787,0
2019-07-03T10:42:52Z,5.234,14.5933,0.7469,1.5482,27.59,21.602083,8.0714,78.576,7.607,336.5413,64.713,1.8190023946966962,0.105,999.1987,0
2019-07-03T10:42:52Z,5.258,14.4576,0.7368,1.6137,27.593,21.560257,8.0349,78.081,7.606,336.9352,63.299,1.8254871380364148,0.105,999.2185,0
2019-07-03T10:42:52Z,5.283,14.339,0.737,1.7783,27.547,21.481849,8.0084,77.692,7.604,337.231,62.144,1.827773028609689,0.108,999.2357,0
2019-07-03T10:42:52Z,5.308,14.2334,0.7402,1.8333,27.52,21.415124,8.001,77.482,7.604,337.4503,60.953,1.8307974155040216,0.113,999.2508,0
2019-07-03T10:42:52Z,5.338,14.1406,0.7407,1.8206,27.547,21.387711,8.0144,77.46,7.604,337.6082,59.698,1.8370423723053024,0.115,999.2641,0
2019-07-03T10:42:52Z,5.375,14.0609,0.7518,1.9526,27.629,21.404052,8.0415,77.575,7.604,337.5915,58.606,1.8465834529730893,0.112,999.2755,0
2019-07-03T10:42:52Z,5.411,13.9901,0.7783,2.1839,27.705,21.422373,8.0728,77.749,7.606,337.6787,57.847,1.8553142487384777,0.104,999.2854,0
2019-07-03T10:42:52Z,5.438,13.9087,0.7933,2.2909,27.74,21.418895,8.1018,77.935,7.608,337.974,57.746,1.8616721169361667,0.093,999.2968,0
2019-07-03T10:42:52Z,5.457,13.8168,0.7857,2.2631,27.771,21.425395,8.1232,78.086,7.609,338.236,57.184,1.8682733630495085,0.078,999.3095,0
2019-07-03T10:42:52Z,5.471,13.7277,0.7818,2.2415,27.797,21.43751,8.1357,78.183,7.61,338.4376,56.425,1.8744109117935377,0.063,999.3217,0
2019-07-03T10:42:52Z,5.483,13.6501,0.7804,2.3244,27.8,21.438512,8.1412,78.231,7.612,338.5188,56.724,1.878372431017538,0.051,999.3322,0
2019-07-03T10:42:52Z,5.494,13.5941,0.7609,2.4783,27.794,21.437509,8.1397,78.228,7.612,338.4442,56.779,1.880654946077192,0.044,999.3399,0
2019-07-03T10:42:52Z,5.504,13.5654,0.736,2.5294,27.768,21.425394,8.1358,78.217,7.613,338.3962,55.978,1.8801844723938534,0.042,999.3437,0
2019-07-03T10:42:52Z,5.512,13.5553,0.7217,2.4834,27.756,21.418894,8.1364,78.232,7.614,338.3677,55.865,1.8798143670146956,0.043,999.3451,0
2019-07-03T10:42:52Z,5.52,13.5514,0.7184,2.4789,27.778,21.422346,8.1454,78.275,7.614,338.2722,56.181,1.8815797704999297,0.046,999.3457,0
2019-07-03T10:42:52Z,5.532,13.5562,0.7311,2.5077,27.791,21.403687,8.1587,78.311,7.613,338.1873,56.029,1.8822779607470563,0.047,999.3451,0
2019-07-03T10:42:52Z,5.547,13.5788,0.7451,2.5045,27.805,21.383541,8.1655,78.281,7.612,338.2015,55.245,1.8821832831414727,0.047,999.3422,0
2019-07-03T10:42:52Z,5.564,13.5957,0.7399,2.4734,27.812,21.369002,8.1615,78.181,7.612,338.4438,54.363,1.8818640257394916,0.048,999.3399,0
2019-07-03T10:42:52Z,5.578,13.5694,0.7289,2.4918,27.808,21.35473,8.1488,78.023,7.611,338.7942,54.075,1.8828535981437613,0.053,999.3435,0
2019-07-03T10:42:52Z,5.586,13.5049,0.725,2.5633,27.808,21.33782,8.1341,77.829,7.61,338.9969,53.376,1.885989654974196,0.059,999.3522,0
2019-07-03T10:42:52Z,5.593,13.4396,0.7194,2.584,27.788,21.291382,8.1222,77.621,7.608,339.0882,52.454,1.8877361728637427,0.067,999.3609,0
2019-07-03T10:42:52Z,5.609,13.4065,0.7128,2.5783,27.771,21.237201,8.1101,77.376,7.606,339.038,51.939,1.8881290855593242,0.075,999.3653,0
2019-07-03T10:42:52Z,5.636,13.3974,0.7058,2.6582,27.766,21.19008,8.0927,77.076,7.604,338.9057,51.03,1.8882129553487148,0.081,999.3666,0
2019-07-03T10:42:52Z,5.666,13.3728,0.695,2.8294,27.786,21.165582,8.0712,76.75,7.604,338.9508,50.177,1.8908538708437355,0.084,999.37,0
2019-07-03T10:42:52Z,5.692,13.3144,0.6952,2.9438,27.864,21.194654,8.0502,76.459,7.604,339.1523,49.812,1.899338471903367,0.083,999.3777,0
2019-07-03T10:42:52Z,5.713,13.2343,0.6997,2.9275,27.927,21.224424,8.0294,76.205,7.603,339.2776,49.374,1.9078382150038986,0.077,999.3882,0
2019-07-03T10:42:52Z,5.729,13.1507,0.6803,2.829,27.917,21.208379,8.0085,75.98,7.602,339.3476,49.114,1.9112574348096563,0.069,999.3991,0
2019-07-03T10:42:52Z,5.74,13.0783,0.6513,2.7028,27.905,21.190926,7.9921,75.8,7.602,339.4822,48.997,1.913985771757387,0.063,999.4084,0
2019-07-03T10:42:52Z,5.753,13.0216,0.6436,2.6463,27.939,21.203675,7.981,75.655,7.601,339.5283,48.433,1.919282006849951,0.058,999.4157,0
2019-07-03T10:42:52Z,5.769,12.99,0.6401,2.6374,28,21.235656,7.9756,75.561,7.6,339.5608,47.823,1.9252989566314394,0.056,999.4198,0
2019-07-03T10:42:52Z,5.785,12.9822,0.635,2.6274,28.051,21.260453,7.9719,75.485,7.598,339.7901,47.619,1.929401224058744,0.056,999.4208,0
2019-07-03T10:42:52Z,5.799,12.9717,0.6685,2.7551,28.051,21.24977,7.9643,75.381,7.598,339.9768,47.337,1.9299286573709096,0.057,999.4222,0
2019-07-03T10:42:52Z,5.814,12.9442,0.7231,2.9701,28.036,21.233331,7.9608,75.331,7.598,340.0977,46.823,1.930218908490371,0.058,999.4258,0
2019-07-03T10:42:52Z,5.826,12.9168,0.741,3.0637,28.069,21.251971,7.9638,75.339,7.597,340.4782,46.407,1.9340036684823683,0.061,999.4293,0
2019-07-03T10:42:52Z,5.838,12.8937,0.7375,3.1002,28.137,21.284854,7.9675,75.319,7.594,340.9631,45.913,1.9401301981854149,0.066,999.4322,0
2019-07-03T10:42:52Z,5.856,12.8681,0.7422,3.0178,28.211,21.313765,7.9681,75.245,7.592,341.229,45.056,1.9468296121372144,0.075,999.4356,0
2019-07-03T10:42:52Z,5.877,12.8647,0.7453,2.7886,28.287,21.347798,7.9617000000000004,75.114,7.589,341.2839,44.33,1.952552821342419,0.084,999.4361,0
2019-07-03T10:42:52Z,5.899,12.8641,0.7403,2.6548,28.355,21.37918,7.9474,74.921,7.587,341.2819,43.781,1.9575507472269396,0.091,999.4363,0
2019-07-03T10:42:52Z,5.925,12.8267,0.7254,2.6134,28.375,21.376048,7.9272,74.675,7.587,341.2911,42.734,1.9609252448723156,0.094,999.4411,0
2019-07-03T10:42:52Z,5.956,12.769,0.7121,2.6159,28.397,21.373335,7.9027,74.387,7.588,341.3089,41.874,1.9654944311419815,0.094,999.4484,0
2019-07-03T10:42:52Z,5.983,12.7274,0.7092,2.6518,28.475,21.409778,7.8758,74.07,7.588,341.4117,41.423,1.9733536736622708,0.091,999.4538,0
2019-07-03T10:42:52Z,6.004,12.6982,0.7077,2.6548,28.549,21.436097,7.8492,73.736,7.587,341.5017,40.541,1.9802940459520633,0.086,999.4574,0
2019-07-03T10:42:52Z,6.022,12.6624,0.7025,2.6847,28.592,21.437812,7.8227,73.399,7.587,341.451,39.833,1.985310780281151,0.081,999.4619,0
2019-07-03T10:42:52Z,6.04,12.6315,0.699,2.8168,28.614,21.430484,7.7896,73.02,7.585,341.4004,39.579,1.9885362875054025,0.076,999.4658,0
2019-07-03T10:42:52Z,6.058,12.5964,0.6998,3.0067,28.604,21.410892,7.7455,72.57,7.584,341.4063,39.108,1.9896299901329615,0.073,999.4702,0
2019-07-03T10:42:52Z,6.078,12.5423,0.7035,3.1126,28.582,21.391195,7.6947,72.085,7.584,341.3504,38.395,1.9908330179706666,0.071,999.4768,0
2019-07-03T10:42:52Z,6.098,12.482,0.709,3.1131,28.564,21.382607,7.6397,71.583,7.583,341.2404,37.77,1.9926579040479826,0.069,999.4842,0
2019-07-03T10:42:52Z,6.116,12.4367,0.731,3.1774,28.533,21.370482,7.5819,71.074,7.583,341.1939,37.257,1.9927394251780353,0.066,999.4897,0
2019-07-03T10:42:52Z,6.131,12.4188,0.7706,3.3319,28.52,21.371462,7.5249,70.57,7.583,341.3047,36.579,1.9927157078870439,0.063,999.4919,0
2019-07-03T10:42:52Z,6.146,12.4137,0.7891,3.4084,28.55,21.394464,7.4754,70.107,7.583,341.4622,35.996,1.9952016754236914,0.058,999.4926,0
2019-07-03T10:42:52Z,6.16,12.4201,0.7903,3.3815,28.56,21.394904,7.4356,69.713,7.582,341.4637,35.467,1.995605044235622,0.053,999.4918,0
2019-07-03T10:42:52Z,6.174,12.4467,0.811,3.3677,28.548,21.376768,7.4002,69.355,7.582,341.4956,34.838,1.9933225755824835,0.048,999.4887,0
2019-07-03T10:42:52Z,6.186,12.4738,0.9534,3.4379,28.548,21.365447,7.3687,69.03,7.581,341.6753,34.588,1.9919030622855545,0.044,999.4855,0
2019-07-03T10:42:52Z,6.196,12.4729,1.2024,3.542,28.508,21.321441,7.344,68.759,7.58,341.8296,34.47,1.9889958053383634,0.04,999.4857,0
2019-07-03T10:42:52Z,6.205,12.4524,1.3416,3.5775,28.399,21.225227,7.3257,68.548,7.58,341.8117,34.264,1.9820147372828656,0.039,999.4882,0
2019-07-03T10:42:52Z,6.213,12.4366,1.3789,3.573,28.319,21.153512,7.315,68.416,7.58,341.6309,34.168,1.9769265394156181,0.041,999.4901,0
2019-07-03T10:42:52Z,6.222,12.4207,1.61,3.5203,28.342,21.152021,7.3158,68.372,7.579,341.5371,34.044,1.9794530188021242,0.045,999.492,0
2019-07-03T10:42:52Z,6.232,12.3935,2.0215,3.3991,28.462,21.207183,7.3274,68.387,7.578,341.624,33.552,1.9897474728715074,0.051,999.4953,0
2019-07-03T10:42:52Z,6.245,12.3611,2.2437,3.3194,28.576,21.249592,7.3416,68.405,7.576,341.8205,32.826,1.999888310627405,0.056,999.4991,0
2019-07-03T10:42:52Z,6.263,12.3494,2.2848,3.3109,28.592,21.220754,7.3518,68.389,7.574,341.9354,32.531,2.001689550306595,0.058,999.5006,0
2019-07-03T10:42:52Z,6.283,12.3278,2.5192,3.3945,28.581,21.175584,7.3585,68.349,7.573,341.98,32.251,2.002012281711494,0.057,999.5033,0
2019-07-03T10:42:52Z,6.3,12.256,2.9451,3.5443,28.583,21.147394,7.3659,68.338,7.573,342.1884,31.651,2.0059524762899708,0.055,999.5118,0
2019-07-03T10:42:52Z,6.313,12.1758,3.1687,3.6142,28.59,21.133586,7.3761,68.38,7.573,342.4759,31.484,2.010723244259253,0.052,999.5213,0
2019-07-03T10:42:52Z,6.323,12.1064,3.1678,3.5837,28.609,21.135456,7.3867,68.446,7.573,342.7884,31.526,2.015830715289164,0.052,999.5294,0
2019-07-03T10:42:52Z,6.331,12.0362,3.0902,3.6029,28.673,21.169999,7.3991,68.527,7.572,343.1284,31.132,2.0243606656086848,0.057,999.5375,0
2019-07-03T10:42:52Z,6.341,11.9819,2.9591,3.7145,28.785,21.234103,7.4162,68.635,7.569,343.3165,30.622,2.035657837004282,0.064,999.5438,0
2019-07-03T10:42:52Z,6.358,11.9519,2.8921,3.7861,28.88,21.276252,7.4352,68.734,7.566,343.2562,29.879,2.044395667951097,0.07,999.5473,0
2019-07-03T10:42:52Z,6.384,11.9361,2.8862,3.8132,28.955,21.299022,7.4502,68.784,7.565,343.0869,29.059,2.0508754084788468,0.075,999.5492,0
2019-07-03T10:42:52Z,6.412,11.9175,2.8887,3.9443,29.02,21.319087,7.4572,68.775,7.565,343.0766,28.695,2.056763762336599,0.077,999.5515,0
2019-07-03T10:42:52Z,6.434,11.8884,2.9827,4.1585,29.059,21.328556,7.4556,68.708,7.564,343.218,28.262,2.0612809012241216,0.076,999.5549,0
2019-07-03T10:42:52Z,6.449,11.8382,3.1554,4.2391,29.107,21.350062,7.4483,68.603,7.564,343.2472,27.681,2.0676399863446413,0.074,999.5606,0
2019-07-03T10:42:52Z,6.462,11.7711,3.2426,4.1982,29.262,21.45225,7.436,68.458,7.564,343.172,27.318,2.0830122561562283,0.07,999.5682,0
2019-07-03T10:42:52Z,6.477,11.7223,3.2396,4.1883,29.591,21.676109,7.4137,68.208,7.562,343.1693,26.862,2.1105611692310986,0.067,999.5737,0
2019-07-03T10:42:52Z,6.496,11.6944,3.2236,4.1861,30.025,21.963584,7.3783,67.805,7.559,343.3011,26.206,2.1449557872005705,0.067,999.5769,0
2019-07-03T10:42:52Z,6.517,11.6692,3.1965,4.1382,30.404,22.200634,7.3298,67.257,7.559,343.4744,25.677,2.1751099052005736,0.068,999.5797,0
2019-07-03T10:42:52Z,6.535,11.654,3.18,4.0679,30.627,22.322209,7.2682,66.588,7.559,343.5444,25.185,2.1929051290313053,0.068,999.5815,0
2019-07-03T10:42:52Z,6.551,11.6331,3.1974,4.0244,30.722,22.355188,7.1906,65.787,7.558,343.5439,24.616,2.201339358583992,0.068,999.584,0
2019-07-03T10:42:52Z,6.567,11.5786,3.4069,4.0703,30.746,22.345608,7.0887,64.79,7.558,343.5549,24.138,2.2063668138208525,0.064,999.5902,0
2019-07-03T10:42:52Z,6.584,11.5063,3.7978,4.197,30.753,22.33321,6.9472,63.457,7.557,343.5913,23.731,2.2111641256583336,0.06,999.5982,0
2019-07-03T10:42:52Z,6.6,11.435,4.0128,4.2789,30.764,22.332135,6.7329,61.479,7.556,343.7261,23.371,2.2162230586964697,0.058,999.6059,0
2019-07-03T10:42:52Z,6.615,11.3739,4.0556,4.2739,30.773,22.332605,6.3953,58.383,7.554,343.9797,23.071,2.2205387490177415,0.059,999.6126,0
2019-07-03T10:42:52Z,6.626,11.3301,4.3932,4.3659,30.795,22.338888,5.8803,53.663,7.551,344.2489,22.627,2.2248303224770605,0.061,999.6173,0
2019-07-03T10:42:52Z,6.637,11.3036,5.0175,4.6048,30.829,22.344656,5.1734,47.181,7.55,344.4004,22.082,2.2290164625826847,0.064,999.6201,0
2019-07-03T10:42:52Z,6.654,11.292,5.3621,4.7363,30.855,22.338892,4.3242,39.402,7.547,344.3488,21.682,2.2317024014411313,0.065,999.6214,0
2019-07-03T10:42:52Z,6.677,11.2861,5.4131,4.7107,30.874,22.332605,3.4058,31.009,7.544,344.1409,21.224,2.233511470553982,0.065,999.6222,0
2019-07-03T10:42:52Z,6.699,11.2742,5.6595,4.6889,30.889,22.332045,2.4979,22.732,7.543,343.9518,20.649,2.235374299955351,0.064,999.6235,0
2019-07-03T10:42:52Z,6.716,11.2414,6.1215,4.702,30.896,22.332103,1.6824,15.307,7.542,344.0408,20.254,2.237879741412167,0.061,999.627,0
2019-07-03T10:42:52Z,6.727,11.194,6.3781,4.706,30.902,22.333306,1.0159,9.242,7.54,344.3571,19.961,2.24119124712754,0.058,999.6321,0
2019-07-03T10:42:52Z,6.737,11.1584,6.3946,4.7036,30.931,22.346584,0.5204,4.734,7.538,344.5923,19.737,2.2455676816169796,0.057,999.6358,0
2019-07-03T10:42:52Z,6.749,11.1422,6.3825,4.7059,30.981,22.365782,0.1785,1.624,7.537,344.734,19.549,2.250394769320798,0.058,999.6375,0
2019-07-03T10:42:52Z,6.764,11.1366,6.2314,4.7666,31.024,22.375115,0.01,0.01,7.535,345.1233,19.224,2.2540443326495545,0.061,999.6381,0
2019-07-03T10:42:52Z,6.783,11.1359,5.9373,4.8806,31.084,22.395983,0.01,0.01,7.531,345.7725,18.9,2.2587069229710512,0.065,999.6383,0
2019-07-03T10:42:52Z,6.803,11.1276,5.7656,4.9047,31.16,22.427783,0.01,0.01,7.529,346.2167,18.535,2.265065857105356,0.066,999.6392,0
2019-07-03T10:42:52Z,6.821,11.0963,5.7429,4.8944,31.212,22.442419,0.01,0.01,7.528,346.3634,18.106,2.2709839115867845,0.066,999.6426,0
2019-07-03T10:42:52Z,6.837,11.0569,5.8269,5.1493,31.243,22.446068,0.01,0.01,7.527,346.4274,17.941,2.2757871838132764,0.064,999.6466,0
2019-07-03T10:42:52Z,6.851,11.0233,6.0013,5.5939,31.298,22.471877,0.01,0.01,7.526,346.389,17.858,2.28209857480239,0.062,999.6501,0
2019-07-03T10:42:52Z,6.866,10.9857,6.1001,5.8457,31.528,22.627598,0.01,0.01,7.524,346.1569,17.533,2.302212827468442,0.06,999.6541,0
2019-07-03T10:42:52Z,6.881,10.9468,6.1121,5.8994,32.058,22.996818,0.01,0.01,7.521,346.0304,17.25,2.3457274158541352,0.06,999.6581,0
2019-07-03T10:42:52Z,6.896,10.9154,6.1977,5.9805,32.708,23.447309,0.01,0.01,7.518,346.1497,17.123,2.3982309640536013,0.06,999.6613,0
2019-07-03T10:42:52Z,6.912,10.895,6.3713,6.1717,33.174,23.760995,0.01,0.01,7.515,346.2229,16.906,2.4358336007761108,0.06,999.6634,0
2019-07-03T10:42:52Z,6.928,10.8819,6.4692,6.3434,33.265,23.808153,0.01,0.01,7.512,346.3139,16.544,2.4437872859823724,0.059,999.6649,0
2019-07-03T10:42:52Z,6.944,10.868,6.4968,6.3846,33.214,23.763737,0.01,0.01,7.51,346.4749,16.162,2.4407287025347544,0.058,999.6665,0
2019-07-03T10:42:52Z,6.959,10.8448,6.8094,6.3428,33.435,23.921739,0.0114,0.103,7.507,346.535,15.897,2.459504205502541,0.057,999.6692,0
2019-07-03T10:42:52Z,6.973,10.8099,7.405,6.2964,34,24.322969,0.0433,0.391,7.504,346.5235,15.749,2.5059943364636204,0.058,999.6729,0
2019-07-03T10:42:52Z,6.985,10.7761,7.741,6.2825,34.873,24.935685,0.0723,0.651,7.5,346.4225,15.542,2.576703476202827,0.06,999.6762,0
2019-07-03T10:42:52Z,6.998,10.7655,7.7942,6.3382,35.776,25.5572,0.0944,0.85,7.497,346.1743,15.227,2.648365731458405,0.062,999.6772,0
2019-07-03T10:42:52Z,7.014,10.7728,8.0138,6.8054,36.351,25.937799,0.1105,0.994,7.493,345.4148,14.875,2.6930645525375554,0.063,999.6767,0
2019-07-03T10:42:52Z,7.034,10.7723,8.4113,7.6393,36.726,26.175091,0.1235,1.11,7.49,342.4886,14.454,2.7226231660663633,0.063,999.677,0
2019-07-03T10:42:52Z,7.054,10.7562,8.6293,8.0968,37.252,26.522986,0.1358,1.22,7.487,336.8639,14.066,2.765277987440049,0.062,999.6791,0
2019-07-03T10:42:52Z,7.07,10.7216,8.6472,8.1423,38.01,27.035428,0.1488,1.335,7.484,331.0087,13.855,2.827764894099566,0.058,999.6829,0
2019-07-03T10:42:52Z,7.082,10.6728,8.6183,8.1561,38.682,27.485751,0.1603,1.437,7.481,325.9853,13.651,2.8847557664467582,0.053,999.6878,0
2019-07-03T10:42:52Z,7.092,10.6315,8.3237,8.2971,39.314,27.907275,0.1693,1.517,7.478,321.1252,13.376,2.9381895016782567,0.048,999.6919,0
2019-07-03T10:42:52Z,7.104,10.598,7.7898,8.6018,40.559,28.769297,0.1785,1.599,7.476,317.2438,13.19,3.040022170819597,0.046,999.6954,0
2019-07-03T10:42:52Z,7.115,10.5614,7.5041,8.7919,42.289,29.977064,0.187,1.674,7.473,314.6757,13.038,3.181363889035204,0.047,999.6993,0
2019-07-03T10:42:52Z,7.126,10.5255,7.4705,8.793,43.538,30.835033,0.1939,1.735,7.469,312.4446,12.773,3.284707135195782,0.051,999.7029,0
2019-07-03T10:42:52Z,7.139,10.4879,7.2799,8.747,44.119,31.21109,0.1996,1.784,7.466,310.1433,12.457,3.3348239845176533,0.056,999.7067,0
2019-07-03T10:42:52Z,7.154,10.4618,6.9245,8.7596,44.462,31.414507,0.203,1.812,7.461,307.7578,12.123,3.364839276817833,0.059,999.7096,0
2019-07-03T10:42:52Z,7.171,10.4458,6.7284,8.8146,44.658,31.517649,0.2039,1.818,7.456,305.112,11.686,3.3821172261287864,0.06,999.712,0
2019-07-03T10:42:52Z,7.19,10.4139,6.6946,8.8214,44.773,31.569705,0.2033,1.812,7.451,302.417,11.247,3.3943478243583756,0.059,999.7155,0
2019-07-03T10:42:52Z,7.207,10.3691,6.4718,8.8094,45.028,31.726589,0.2034,1.812,7.448,299.8655,10.965,3.419125856411697,0.056,999.7198,0
2019-07-03T10:42:52Z,7.221,10.3244,6.0553,8.7999,45.475,32.018375,0.2048,1.823,7.443,297.2339,10.771,3.459525030909099,0.052,999.7242,0
2019-07-03T10:42:52Z,7.231,10.2811,5.8286,8.8054,46.1,32.432313,0.2064,1.836,7.438,294.6897,10.603,3.514376112163481,0.05,999.7282,0
2019-07-03T10:42:52Z,7.239,10.2496,5.8031,8.8091,47.197,33.177606,0.2084,1.853,7.432,292.5927,10.463,3.606698243274125,0.052,999.7312,0
2019-07-03T10:42:52Z,7.248,10.2283,5.6688,8.6808,48.477,34.048541,0.2097,1.863,7.426,290.8079,10.215,3.7132607767375614,0.055,999.7332,0
2019-07-03T10:42:52Z,7.263,10.2024,5.4184,8.4671,49.098,34.458299,0.2108,1.871,7.419,288.9413,9.7761,3.7666907492257478,0.057,999.7359,0
2019-07-03T10:42:52Z,7.283,10.1741,5.2728,8.3563,49.297,34.577829,0.2139,1.898,7.413,286.8009,9.2718,3.7859130868090767,0.057,999.7387,0
2019-07-03T10:42:52Z,7.305,10.1469,5.2343,8.3238,49.538,34.732124,0.2148,1.905,7.408,284.6324,8.8875,3.8084996885647313,0.056,999.7416,0
2019-07-03T10:42:52Z,7.321,10.1169,5.0225,8.1731,49.749,34.864062,0.2108,1.869,7.403,282.6826,8.7325,3.8289582762957837,0.054,999.7451,0
2019-07-03T10:42:52Z,7.33,10.0852,4.6276,7.8771,49.915,34.967142,0.2058,1.824,7.397,280.9503,8.7121,3.8459363633409964,0.052,999.748,0
2019-07-03T10:42:52Z,7.335,10.0665,4.4054,7.6943,50.462,35.343742,0.1999,1.772,7.39,279.5178,8.5771,3.892924979155719,0.051,999.7496,0
2019-07-03T10:42:52Z,7.344,10.0558,4.3816,7.6674,51.844,36.307361,0.1943,1.722,7.383,278.3544,8.2705,4.008004490944616,0.051,999.7508,0
2019-07-03T10:42:52Z,7.359,10.0367,4.3573,7.6502,53.451,37.414508,0.1894,1.678,7.377,277.2084,7.926,4.142974520212714,0.053,999.7526,0
2019-07-03T10:42:52Z,7.379,10.0198,4.0238,7.5515,54.616,38.193213,0.1829,1.619,7.371,275.8146,7.6239,4.2414713180740655,0.057,999.7542,0
2019-07-03T10:42:52Z,7.397,10.0165,3.393,7.3591,55.372,38.676459,0.1776,1.571,7.364,274.1498,7.4056,4.3046203543081125,0.061,999.7547,0
2019-07-03T10:42:52Z,7.411,10.0192,3.0333,7.2249,55.901,39.004143,0.1761,1.555,7.356,272.4806,7.2466,4.348258076882913,0.062,999.7551,0
2019-07-03T10:42:52Z,7.423,10.0048,2.9863,7.2064,56.549,39.425433,0.1772,1.565,7.35,271.1201,7.0598,4.403894952753818,0.062,999.7572,0
2019-07-03T10:42:52Z,7.436,9.9653,2.9381,7.136,57.081,39.770721,0.179,1.58,7.343,270.0891,6.8245,4.453033797392174,0.06,999.761,0
2019-07-03T10:42:52Z,7.454,9.9199,2.8496,6.9316,57.095,39.750805,0.1787,1.576,7.336,268.8771,6.5509,4.459772642203117,0.058,999.7653,0
2019-07-03T10:42:52Z,7.474,9.8805,2.8003,6.7996,57.147,39.755982,0.1794,1.581,7.329,267.3066,6.2936,4.468963453352002,0.058,999.7689,0
2019-07-03T10:42:52Z,7.49,9.8547,2.8022,6.7843,57.653,40.087227,0.1811,1.596,7.321,265.7273,6.1587,4.514490624427107,0.061,999.7714,0
2019-07-03T10:42:52Z,7.499,9.8383,2.8031,6.7139,58.561,40.708504,0.1797,1.583,7.311,263.9782,6.0689,4.592637214191195,0.066,999.7733,0
2019-07-03T10:42:52Z,7.509,9.8095,2.8023,6.6037,59.879,41.617373,0.1772,1.561,7.301,261.9039,5.8557,4.707020496302098,0.07,999.7757,0
2019-07-03T10:42:52Z,7.528,9.7774,2.8098,6.5341,61.095,42.441627,0.174,1.532,7.292,259.9198,5.5237,4.813628341187382,0.073,999.7784,0
2019-07-03T10:42:52Z,7.554,9.7593,2.8063,6.4944,61.666,42.801482,0.1689,1.486,7.284,258.1436,5.173,4.864218120998829,0.075,999.7802,0
2019-07-03T10:42:52Z,7.581,9.7533,2.7261,6.3202,61.706,42.793652,0.1637,1.44,7.278,256.2581,4.8828,4.868399891414589,0.075,999.7812,0
2019-07-03T10:42:52Z,7.602,9.7539,2.5854,6.0016,61.55,42.664387,0.1601,1.408,7.269,254.2448,4.6703,4.85514714867715,0.073,999.7818,0
2019-07-03T10:42:52Z,7.617,9.7386,2.5186,5.8531,61.882,42.88938,0.158,1.389,7.259,252.2992,4.5172,4.885244735782169,0.07,999.7837,0
2019-07-03T10:42:52Z,7.628,9.6999,2.5254,5.8694,62.916,43.60911,0.155,1.363,7.249,250.4581,4.4075,4.977994957401812,0.068,999.7871,0
2019-07-03T10:42:52Z,7.64,9.6676,2.5805,5.9039,63.671,44.127983,0.1518,1.334,7.24,248.3319,4.2711,5.046485047283013,0.068,999.7899,0
2019-07-03T10:42:52Z,7.658,9.6522,2.6828,5.9754,63.631,44.083259,0.1512,1.329,7.232,245.4329,4.0464,5.045239763669789,0.069,999.7911,0
2019-07-03T10:42:52Z,7.681,9.648,2.7383,6.012,63.378,43.893824,0.1526,1.341,7.224,242.3373,3.806,5.024347155513497,0.07,999.7916,0
2019-07-03T10:42:52Z,7.705,9.6577,2.7483,6.0194,63.442,43.932979,0.1546,1.358,7.217,239.6405,3.6424,5.028426911695345,0.07,999.7915,0
2019-07-03T10:42:52Z,7.724,9.6562,2.7523,6.0314,63.797,44.175686,0.1541,1.354,7.209,237.1759,3.5342,5.058768171918811,0.069,999.7921,0
2019-07-03T10:42:52Z,7.737,9.6356,2.6996000000000002,5.9602,64.431,44.605913,0.1508,1.324,7.2,235.0801,3.4399,5.115536510356146,0.069,999.7937,0
2019-07-03T10:42:52Z,7.748,9.6224,2.606,5.8477,65.676,45.451803,0.1486,1.304,7.191,233.487,3.3373,5.223387158675716,0.069,999.7946,0
2019-07-03T10:42:52Z,7.763,9.6217,2.5648,5.818,67.272,46.528894,0.1477,1.296,7.183,232.0243,3.1924,5.3596002283548945,0.071,999.7948,0
2019-07-03T10:42:52Z,7.784,9.6222,2.566,5.8301,68.423,47.277636,0.1464,1.283,7.175,230.4725,3.0116,5.457856621998246,0.074,999.795,0
2019-07-03T10:42:52Z,7.809,9.6145,2.5501,5.7977,69.044,47.646001,0.1453,1.272,7.167,229.007,2.8401,5.512143294174497,0.076,999.7959,0
2019-07-03T10:42:52Z,7.831,9.6036,2.5203,5.689,69.545,47.934261,0.1452,1.27,7.159,227.6408,2.704,5.5567084472587736,0.077,999.7974,0
2019-07-03T10:42:52Z,7.851,9.5873,2.5011,5.5635,70.211,48.349487,0.145,1.267,7.151,226.1722,2.598,5.616316445370551,0.076,999.7996,0
2019-07-03T10:42:52Z,7.868,9.5507,2.4912,5.5583,71.178,48.982732,0.1446,1.264,7.142,224.4998,2.4984,5.7050909316635305,0.076,999.803,0
2019-07-03T10:42:52Z,7.884,9.5003,2.4787,5.6917,72.327,49.747476,0.1426,1.245,7.133,222.6496,2.3916,5.812049181676494,0.076,999.8073,0
2019-07-03T10:42:52Z,7.902,9.4564,2.4626,5.7997,73.61,50.609208,0.1389,1.213,7.125,220.7511,2.2846,5.9299527397049445,0.079,999.8112,0
2019-07-03T10:42:52Z,7.921,9.4261,2.4524,5.8165,75.06,51.589081,0.1373,1.199,7.117,219.0113,2.1633,6.060493143163514,0.082,999.8139,0
2019-07-03T10:42:52Z,7.944,9.4048,2.4511,5.8285,76.149,52.320926,0.1383,1.207,7.11,217.358,2.0384,6.158567229053855,0.083,999.8161,0
2019-07-03T10:42:52Z,7.971,9.3877,2.4213,5.8143,76.579,52.597393,0.1379,1.203,7.103,215.6462,1.9324,6.1988541168859275,0.081,999.818,0
2019-07-03T10:42:52Z,7.996,9.3728,2.3697,5.7432,76.77,52.708434,0.1343,1.171,7.096,213.9739,1.8414,6.218029619186595,0.076,999.8197,0
2019-07-03T10:42:52Z,8.015,9.3627,2.3385,5.6572,76.891,52.774135,0.131,1.142,7.09,212.3666,1.7895,6.2303020125859225,0.069,999.8212,0
2019-07-03T10:42:52Z,8.028,9.3533,2.33,5.5928,76.977,52.820027,0.131,1.141,7.083,210.668,1.7618,6.239415845740676,0.061,999.8225,0
2019-07-03T10:42:52Z,8.039,9.3398,2.3623,5.5875,77.358,53.072717,0.1325,1.155,7.076,208.837,1.7245,6.27493716839133,0.055,999.8236,0
2019-07-03T10:42:52Z,8.05,9.3255,2.4164,5.5937,78.144,53.605914,0.1328,1.158,7.07,207.006,1.6811,6.34595130791642,0.051,999.8249,0
2019-07-03T10:42:52Z,8.063,9.3141,2.4377,5.6018,78.812,54.057529,0.1307,1.139,7.063,205.135,1.6349,6.406261651158036,0.05,999.8259,0
2019-07-03T10:42:52Z,8.077,9.3064,2.4385,5.6195,78.961,54.149645,0.1265,1.103,7.057,203.164,1.5938,6.420646838195486,0.051,999.8265,0
2019-07-03T10:42:52Z,8.091,9.3004,2.3995,5.5456,78.789,54.020849,0.1239,1.08,7.05,201.2435,1.5578,6.406696663042547,0.053,999.8272,0
2019-07-03T10:42:52Z,8.104,9.2966,2.3049,5.4297,78.519,53.834386,0.1239,1.08,7.044,199.6388,1.5213,6.383795440188551,0.055,999.8279,0
2019-07-03T10:42:52Z,8.117,9.2947,2.2477,5.3984,78.274,53.67398,0.1218,1.062,7.039,198.3881,1.4781,6.362741961740841,0.055,999.8284,0
2019-07-03T10:42:52Z,8.132,9.287,2.246,5.3966,78.172,53.606105,0.117,1.02,7.034,197.2204,1.4328,6.355200895015683,0.055,999.8291,0
2019-07-03T10:42:52Z,8.147,9.2773,2.2493,5.3424,78.162,53.585489,0.1139,0.991,7.028,196.1029,1.3971,6.356044982695485,0.054,999.8299,0
2019-07-03T10:42:52Z,8.162,9.2758,2.2445,5.202,78.143,53.551749,0.1133,0.986,7.022,195.1149,1.368,6.354650292390054,0.053,999.83,0
2019-07-03T10:42:52Z,8.174,9.2846,2.2227,5.0428,78.109,53.515776,0.1135,0.987,7.015,194.1368,1.3399,6.350121554692069,0.053,999.8292,0
2019-07-03T10:42:52Z,8.186,9.2911,2.2026,4.9899,78.051,53.468169,0.1146,0.997,7.01,193.1395,1.3031,6.343907279763533,0.053,999.8287,0
2019-07-03T10:42:52Z,8.198,9.278,2.1917,4.988,78.189,53.547887,0.116,1.008,7.004,192.1766,1.2623,6.358273894621628,0.054,999.8298,0
2019-07-03T10:42:52Z,8.212,9.2601,2.187,4.9871,78.84,53.971382,0.116,1.008,6.999,191.2702,1.2271,6.418347319774079,0.057,999.8312,0
2019-07-03T10:42:52Z,8.227,9.2532,2.188,5.0443,79.779,54.586205,0.1157,1.006,6.994,190.44,1.1833,6.501742546698698,0.059,999.8318,0
2019-07-03T10:42:52Z,8.244,9.2521,2.1871,5.1233,80.535,55.073251,0.1164,1.012,6.99,189.625,1.1223,6.568153543046721,0.061,999.832,0
2019-07-03T10:42:52Z,8.262,9.2427,2.1842,5.1556,81.072,55.412913,0.1158,1.006,6.985,188.7286,1.0639,6.61695293813995,0.062,999.8328,0
2019-07-03T10:42:52Z,8.277,9.2268,2.1715,5.1075,81.533,55.706905,0.1148,0.997,6.98,187.8616,1.0208,6.660343806551787,0.065,999.8344,0
2019-07-03T10:42:52Z,8.292,9.2103,2.1552,5,81.926,55.959394,0.1158,1.005,6.975,187.1432,0.98607,6.697931287811986,0.067,999.8361,0
2019-07-03T10:42:52Z,8.307,9.1893,2.1516,4.9044,82.263,56.178419,0.1166,1.012,6.97,186.4961,0.95584,6.731489148411145,0.068,999.838,0
2019-07-03T10:42:52Z,8.325,9.1715,2.1445,4.8689,82.58,56.385466,0.1165,1.011,6.965,185.8026,0.91095,6.762730957333774,0.068,999.8397,0
2019-07-03T10:42:52Z,8.347,9.1591,2.061,4.8988,82.85,56.556652,0.1168,1.013,6.961,185.0389,0.85066,6.788847766240893,0.069,999.8409,0
2019-07-03T10:42:52Z,8.367,9.1492,1.9137,4.9053,83.026,56.659757,0.1163,1.01,6.956,184.2309,0.81123,6.80623031038531,0.069,999.8419,0
2019-07-03T10:42:52Z,8.382,9.1424,1.8377,4.8822,83.174,56.742543,0.1146,0.995,6.951,183.4329,0.78862,6.820566543105319,0.067,999.8425,0
2019-07-03T10:42:52Z,8.397,9.1384,1.8437,4.8815,83.369,56.858671,0.1141,0.99,6.946,182.7039,0.7544,6.838519462187651,0.064,999.8431,0
2019-07-03T10:42:52Z,8.413,9.131,1.8994,4.7655,83.576,56.983671,0.1138,0.986,6.942,181.8689,0.71457,6.858189820342954,0.061,999.8439,0
2019-07-03T10:42:52Z,8.429,9.1192,1.9823,4.562,83.783,57.11018,0.1124,0.974,6.938,180.9082,0.68293,6.8787183487773245,0.061,999.8449,0
2019-07-03T10:42:52Z,8.444,9.1087,2.014,4.4851,83.999,57.244542,0.1122,0.973,6.934,180.0369,0.66234,6.8998083853452945,0.062,999.8458,0
2019-07-03T10:42:52Z,8.458,9.0991,2.0045,4.4918,84.246,57.400956,0.1123,0.974,6.931,179.249,0.63592,6.923479996350359,0.064,999.8466,0
2019-07-03T10:42:52Z,8.474,9.0882,1.9466,4.5114,84.561,57.603458,0.1108,0.96,6.926,178.5237,0.589,6.953433398369984,0.065,999.84760000000006,0
2019-07-03T10:42:52Z,8.492,9.0796,1.8423,4.5251,84.852,57.786733,0.1081,0.936,6.921,177.9778,0.54563,6.980841493786588,0.065,999.8484,0
2019-07-03T10:42:52Z,8.511,9.0725,1.7835,4.4614,85.046,57.901265,0.1057,0.916,6.918,177.5528,0.52702,6.9993924546770945,0.065,999.8491,0
2019-07-03T10:42:52Z,8.529,9.0649,1.7731,4.3966,85.175,57.971567,0.1052,0.911,6.915,176.9991,0.51299,7.0122981691354855,0.063,999.8499,0
2019-07-03T10:42:52Z,8.545,9.0594,1.7695,4.3975,85.247,58.001302,0.1059,0.917,6.911,176.2731,0.48536,7.019750951121784,0.06,999.8505,0
2019-07-03T10:42:52Z,8.56,9.0502,1.7659,4.3734,85.283,58.006593,0.1069,0.925,6.907,175.3999,0.45991,7.024745909413671,0.056,999.8514,0
2019-07-03T10:42:52Z,8.573,9.0381,1.7721,4.3024,85.351,58.035522,0.1063,0.92,6.905,174.4428,0.43854,7.033150168132621,0.052,999.8524,0
2019-07-03T10:42:52Z,8.584,9.0292,1.7845,4.2592,85.462,58.096888,0.1043,0.903,6.901,173.4773,0.41445,7.044740469905677,0.05,999.8532,0
2019-07-03T10:42:52Z,8.595,9.0176,1.785,4.2446,85.687,58.240212,0.104,0.9,6.897,172.4168,0.4008,7.066981051731948,0.049,999.8541,0
2019-07-03T10:42:52Z,8.607,9.0057,1.7794,4.2902,85.984,58.434015,0.1059,0.916,6.895,171.5148,0.39311,7.0956895076295305,0.05,999.8551,0
2019-07-03T10:42:52Z,8.62,8.9957,1.7771,4.4168,86.146,58.53381,0.1071,0.926,6.892,170.8302,0.37491,7.112058776257707,0.052,999.8559,0
2019-07-03T10:42:52Z,8.634,8.9858,1.7824,4.4969,86.294,58.620751,0.1071,0.926,6.888,170.076,0.35156,7.12717560206921,0.055,999.8568,0
2019-07-03T10:42:52Z,8.648,8.9816,1.7834,4.5051,86.465,58.722653,0.107,0.926,6.885,169.2794,0.33492,7.143205072559531,0.057,999.8571,0
2019-07-03T10:42:52Z,8.663,8.9788,1.7455,4.5487,86.428,58.685627,0.1071,0.926,6.882,168.5119,0.31782,7.140476598147556,0.058,999.8576,0
2019-07-03T10:42:52Z,8.679,8.9722,1.6802,4.6317,86.336,58.617873,0.1064,0.919,6.879,167.8514,0.29496,7.133620566958307,0.058,999.8583,0
2019-07-03T10:42:52Z,8.695,8.9636,1.6435,4.6886,86.408,58.665974,0.1051,0.908,6.877,167.2304,0.27543,7.141738803153039,0.057,999.859,0
2019-07-03T10:42:52Z,8.71,8.9547,1.6481,4.7131,86.548,58.758864,0.1045,0.903,6.874,166.5096,0.26061,7.155968395211153,0.055,999.8598,0
2019-07-03T10:42:52Z,8.723,8.9469,1.7014,4.5667,86.692,58.851363,0.1041,0.9,6.871,165.7612,0.2468,7.170341449412831,0.053,999.8603,0
2019-07-03T10:42:52Z,8.735,8.9443,1.7851,4.2297,86.862,58.958281,0.1028,0.889,6.868,164.9782,0.24254,7.185988281039373,0.051,999.8605,0
2019-07-03T10:42:52Z,8.747,8.9451,1.8286,4.0133,86.989,59.034848,0.1001,0.864,6.866,164.098,0.24473,7.197126516543888,0.048,999.8606,0
2019-07-03T10:42:52Z,8.76,8.9438,1.8274,3.9827,86.971,59.014566,0.0976,0.843,6.864,163.1202,0.23088,7.195785775736097,0.046,999.8608,0
2019-07-03T10:42:52Z,8.773,8.9414,1.7879,3.9913,86.909,58.967233,0.0978,0.844,6.861,162.1906,0.21096,7.190751173392994,0.045,999.8611,0
2019-07-03T10:42:52Z,8.784,8.9362,1.7155,3.9855,87.108,59.098012,0.0997,0.861,6.858,161.462,0.20448,7.209512418249867,0.046,999.8616,0
2019-07-03T10:42:52Z,8.793,8.9296,1.6716,3.9782,87.639,59.45195,0.1021,0.882,6.856,160.9353,0.19483,7.258139069117065,0.049,999.8622,0
2019-07-03T10:42:52Z,8.803,8.9251,1.6562,4.0022,88.104,59.751574,0.1035,0.893,6.853,160.4682,0.17787,7.3004954607015105,0.051,999.8626,0
2019-07-03T10:42:52Z,8.817,8.9223,1.6414,4.0125,88.297,59.861093,0.1027,0.886,6.851,159.8584,0.17552,7.3182748104803785,0.054,999.8628,0
2019-07-03T10:42:52Z,8.834,8.9206,1.6407,4.0049,88.455,59.949987,0.1026,0.885,6.848,159.2406,0.18114,7.3327117907087445,0.056,999.863,0
2019-07-03T10:42:52Z,8.85,8.9193,1.6473,4.041,88.547,60.000219,0.1024,0.883,6.845,158.764,0.16928,7.3411832513279185,0.058,999.8635,0
2019-07-03T10:42:52Z,8.865,8.9094,1.6514,4.0881,88.405,59.89649,0.1004,0.865,6.842,158.3119,0.1465,7.3305532268111,0.058,999.8644,0
2019-07-03T10:42:52Z,8.88,8.8938,1.6649,4.0834,88.417,59.903228,0.0994,0.857,6.839,157.8182,0.13278,7.334833276369183,0.058,999.8657,0
2019-07-03T10:42:52Z,8.894,8.884,1.7243,4.1154,88.869,60.208768,0.0993,0.857,6.836,157.268,0.12693,7.377210996484297,0.058,999.8665,0
2019-07-03T10:42:52Z,8.906,8.8779,1.8231,4.2129,89.28,60.476832,0.0994,0.858,6.834,156.7359,0.12558,7.4151956118039655,0.059,999.8671,0
2019-07-03T10:42:52Z,8.921,8.8724,1.88,4.2459,89.302,60.475261,0.1002,0.864,6.833,156.2892,0.12678,7.418305880187339,0.06,999.8675,0
2019-07-03T10:42:52Z,8.938,8.8724,1.8834,4.219,89.179,60.380414,0.1014,0.874,6.83,155.8242,0.12572,7.407310310065594,0.06,999.8675,0
2019-07-03T10:42:52Z,8.956,8.8757,1.8208,4.1501,89.228,60.410399,0.1022,0.88,6.827,155.3301,0.1244,7.411000623603819,0.061,999.8676,0
2019-07-03T10:42:52Z,8.971,8.869,1.7036,4.0361,89.583,60.647153,0.1008,0.869,6.825,154.8753,0.12383,7.444130752373236,0.064,999.8684,0
2019-07-03T10:42:52Z,8.986,8.8555,1.6452,3.9543,90.054,60.955131,0.0979,0.844,6.823,154.4546,0.12349,7.489094040897877,0.068,999.8694,0
2019-07-03T10:42:52Z,9.001,8.8494,1.6445,3.9479,90.269,61.083649,0.0954,0.822,6.82,154.0287,0.1235,7.509622437177341,0.071,999.8698,0
2019-07-03T10:42:52Z,9.019,8.8498,1.6601,4.0573,90.256,61.057109,0.0943,0.813,6.818,153.5124,0.12351,7.5083721959900345,0.074,999.8698,0
2019-07-03T10:42:52Z,9.041,8.8495,1.6949,4.1954,90.314,61.079083,0.0956,0.824,6.817,152.9442,0.12355,7.513625575903386,0.075,999.8701,0
2019-07-03T10:42:52Z,9.064,8.8434,1.7098,4.2081,90.456,61.158663,0.0971,0.836,6.813,152.4924,0.1236,7.527627189332887,0.075,999.8709,0
2019-07-03T10:42:52Z,9.085,8.832,1.7019,4.1782,90.527,61.193102,0.0961,0.828,6.81,152.094,0.12366,7.536397817138743,0.07,999.8719,0
2019-07-03T10:42:52Z,9.104,8.8217,1.6679,4.0953,90.516,61.177705,0.0956,0.823,6.808,151.4827,0.12368,7.537592140109288,0.065,999.8727,0
2019-07-03T10:42:52Z,9.119,8.8131,1.6114,3.8946,90.593,61.226693,0.0976,0.84,6.807,150.7802,0.12361,7.546315652431666,0.063,999.8734,0
2019-07-03T10:42:52Z,9.129,8.8034,1.5905,3.7834,90.859,61.404087,0.0986,0.848,6.805,150.3104,0.12354,7.572229111277819,0.064,999.8742,0
2019-07-03T10:42:52Z,9.139,8.7951,1.5978,3.799,91.167,61.606625,0.0971,0.835,6.803,149.9331,0.12352,7.601633389268572,0.069,999.8748,0
2019-07-03T10:42:52Z,9.154,8.7906,1.6223,3.854,91.422,61.768935,0.0946,0.814,6.801,149.488,0.12355,7.625484869225493,0.074,999.8752,0
2019-07-03T10:42:52Z,9.179,8.7902,1.669,3.9246,91.644,61.904809,0.0934,0.804,6.8,149.0582,0.12363,7.645500784296803,0.079,999.8753,0
2019-07-03T10:42:52Z,9.208,8.7896,1.6946,3.9646,91.774,61.978351,0.0946,0.814,6.797,148.5223,0.1237,7.657301085580035,0.079,999.8757,0
2019-07-03T10:42:52Z,9.234,8.7865,1.6985,4.0092,91.762,61.958999,0.0953,0.819,6.794,147.8269,0.12369,7.656888082205874,0.074,999.8762,0
2019-07-03T10:42:52Z,9.254,8.7814,1.69,4.0062,91.721,61.92504,0.0939,0.807,6.792,147.1892,0.12361,7.654301047822239,0.065,999.8767,0
2019-07-03T10:42:52Z,9.268,8.7726,1.6607,3.8955,91.761,61.949078,0.0929,0.799,6.792,146.7483,0.12356,7.6597887507692874,0.055,999.8775,0
2019-07-03T10:42:52Z,9.274,8.7641,1.6472,3.7845,91.832,61.995417,0.0933,0.803,6.792,146.4538,0.12356,7.668001835827628,0.049,999.8782,0
2019-07-03T10:42:52Z,9.278,8.7577,1.6576,3.7459,91.992,62.103984,0.0928,0.798,6.791,146.2084,0.1236,7.683768025519816,0.047,999.8786,0
2019-07-03T10:42:52Z,9.286,8.7544,1.6566,3.7557,92.297,62.308422,0.0904,0.777,6.789,145.933,0.1236,7.711911157361501,0.05,999.8788,0
2019-07-03T10:42:52Z,9.303,8.7535,1.6868,3.8371,92.586,62.49701,0.0887,0.762,6.787,145.5333,0.12354,7.738103964641905,0.055,999.879,0
2019-07-03T10:42:52Z,9.323,8.7524,1.7709,3.9769,92.76,62.604597,0.0897,0.771,6.787,145.1615,0.12354,7.753998443079761,0.06,999.8792,0
2019-07-03T10:42:52Z,9.341,8.7532,1.8239,4.0366,92.847,62.655874,0.0913,0.785,6.785,144.8794,0.12358,7.761651641998845,0.064,999.8793,0
2019-07-03T10:42:52Z,9.356,8.7536,1.8245,4.0354,92.874,62.672088,0.0923,0.794,6.784,144.3584,0.12362,7.763992704285348,0.065,999.8795,0
2019-07-03T10:42:52Z,9.372,8.7495,1.795,4.0931,92.875,62.673524,0.0926,0.797,6.783,143.6809,0.12364,7.764976660657931,0.064,999.88,0
2019-07-03T10:42:52Z,9.387,8.7427,1.7458,4.1774,92.872,62.673234,0.0918,0.789,6.782,143.1413,0.12362,7.766191078173139,0.064,999.8806,0
2019-07-03T10:42:52Z,9.402,8.738,1.7146,4.235,92.864,62.668581,0.0926,0.797,6.78,142.6521,0.12362,7.766496921156694,0.065,999.881,0
2019-07-03T10:42:52Z,9.418,8.7378,1.7046,4.2655,92.986,62.744391,0.0949,0.817,6.777,142.1532,0.12364,7.7775245215667015,0.067,999.8811,0
2019-07-03T10:42:52Z,9.437,8.7391,1.6853,4.317,93.32,62.954246,0.0948,0.815,6.775,141.7557,0.1236,7.807318423570812,0.071,999.8811,0
2019-07-03T10:42:52Z,9.455,8.7394,1.6543,4.3984,93.671,63.172048,0.0922,0.792,6.774,141.2882,0.12359,7.83887317218541,0.074,999.8812,0
2019-07-03T10:42:52Z,9.474,8.7414,1.6428,4.4309,93.953,63.343913,0.0909,0.781,6.773,140.6303,0.12362,7.863842385569935,0.078,999.8811,0
2019-07-03T10:42:52Z,9.495,8.7392,1.6493,4.4472,94.221,63.506806,0.0915,0.786,6.771,140.0815,0.12361,7.888485728110097,0.081,999.8813,0
2019-07-03T10:42:52Z,9.517,8.7289,1.6816,4.4972,94.502,63.679672,0.0916,0.786,6.769,139.6438,0.12359,7.916115993780955,0.083,999.8824,0
2019-07-03T10:42:52Z,9.538,8.7177,1.7391,4.5107,94.867,63.908552,0.0903,0.776,6.768,139.209,0.12356,7.951552787094398,0.085,999.8834,0
2019-07-03T10:42:52Z,9.56,8.7081,1.7634,4.4792,95.388,64.240212,0.0887,0.761,6.767,138.7825,0.12351,8.000754773105177,0.086,999.8842,0
2019-07-03T10:42:52Z,9.582,8.6986,1.7578,4.4769,96.007,64.638732,0.0883,0.758,6.766,138.2721,0.12352,8.058844593772644,0.085,999.8851,0
2019-07-03T10:42:52Z,9.605,8.6904,1.7492,4.4503,96.536,64.976782,0.089,0.764,6.764,137.77,0.12359,8.108557240526155,0.082,999.8859,0
2019-07-03T10:42:52Z,9.628,8.6817,1.7293,4.3546,97.009,65.276453,0.0901,0.774,6.763,137.358,0.12364,8.153360856348309,0.079,999.8867,0
2019-07-03T10:42:52Z,9.648,8.6706,1.7169,4.3035,97.6,65.655827,0.092,0.789,6.762,136.9907,0.12362,8.209453516653944,0.075,999.8878,0
2019-07-03T10:42:52Z,9.665,8.6607,1.7206,4.2907,98.14,66.004014,0.094,0.806,6.761,136.5991,0.12359,8.26070670581898,0.07,999.8888,0
2019-07-03T10:42:52Z,9.68,8.6526,1.713,4.2653,98.424,66.180849,0.0941,0.807,6.759,136.151,0.1236,8.288358865798305,0.064,999.8896,0
2019-07-03T10:42:52Z,9.697,8.6427,1.6946,4.2258,98.578,66.268265,0.0935,0.802,6.758,135.6164,0.12361,8.304649754590871,0.058,999.8905,0
2019-07-03T10:42:52Z,9.713,8.6321,1.6882,4.1733,98.74,66.361685,0.0946,0.811,6.757,134.9529,0.1236,8.32184236413335,0.053,999.8916,0
2019-07-03T10:42:52Z,9.726,8.6251,1.6967,4.1888,98.94,66.48397,0.0951,0.815,6.755,134.3233,0.12361,8.341653595346147,0.051,999.8924,0
2019-07-03T10:42:52Z,9.737,8.6192,1.7111,4.2483,99.321,66.72967,0.0914,0.784,6.753,133.9411,0.12365,8.377668803311918,0.051,999.8929,0
2019-07-03T10:42:52Z,9.746,8.6099,1.7494,4.3687,99.987,67.171025,0.0868,0.744,6.751,133.7729,0.12368,8.440442565152296,0.055,999.8936,0
2019-07-03T10:42:52Z,9.756,8.6014,1.8044,4.5622,100.76,67.68821,0.0844,0.724,6.748,133.5802,0.12364,8.512838744877968,0.063,999.8943,0
2019-07-03T10:42:52Z,9.771,8.5958,1.8213,4.6554,101.55,68.214981,0.0823,0.705,6.746,133.2463,0.12364,8.586165340738436,0.073,999.8948,0
2019-07-03T10:42:52Z,9.794,8.5902,1.8232,4.6756,102.49,68.835663,0.0821,0.704,6.743,132.9195,0.12367,8.673251726036066,0.084,999.8954,0
2019-07-03T10:42:52Z,9.82,8.587,1.854,4.7738,103.458,69.470953,0.084,0.72,6.74,132.6398,0.12364,8.762402402578154,0.091,999.8961,0
2019-07-03T10:42:52Z,9.847,8.5872,1.8898,4.9256,104.056,69.856298,0.085,0.728,6.737,132.2733,0.12357,8.816980360413176,0.093,999.8965,0
2019-07-03T10:42:52Z,9.876,8.5862,1.9007,5.0027,104.388,70.061558,0.0877,0.75,6.735,131.8434,0.12353,8.847568910746759,0.089,999.8969,0
2019-07-03T10:42:52Z,9.902,8.5802,1.891,4.9856,104.955,70.426782,0.0933,0.798,6.733,131.4862,0.12357,8.900915701092732,0.082,999.8978,0
2019-07-03T10:42:52Z,9.92,8.5723,1.8756,5.0128,105.679,70.902339,0.0944,0.808,6.731,131.2232,0.12361,8.969161170599536,0.076,999.8989,0
2019-07-03T10:42:52Z,9.931,8.5656,1.8541,5.1023,106.469,71.42427,0.0911,0.78,6.728,130.9012,0.12363,9.043222060752438,0.073,999.8995,0
2019-07-03T10:42:52Z,9.944,8.5561,1.8385,5.1504,107.585,72.159319,0.0913,0.781,6.725,130.5182,0.12367,9.147987748201649,0.072,999.9002,0
2019-07-03T10:42:52Z,9.962,8.5476,1.8348,5.1686,108.655,72.858781,0.0914,0.782,6.722,130.1205,0.12367,9.248421881195995,0.073,999.9012,0
2019-07-03T10:42:52Z,9.983,8.5438,1.8439,5.0935,109.293,73.268231,0.0879,0.752,6.719,129.7059,0.12362,9.308038091224429,0.076,999.9018,0
2019-07-03T10:42:52Z,10.008,8.5416,1.8699,4.93,110.024,73.739662,0.0849,0.726,6.716,129.3765,0.1236,9.37582906054442,0.081,999.9023,0
2019-07-03T10:42:52Z,10.031,8.5352,1.8899,4.8635,111.452,74.67968,0.0832,0.711,6.711,129.0633,0.1236,9.50897327558647,0.089,999.9034,0
2019-07-03T10:42:52Z,10.048,8.5248,1.8941,4.879,113.322,75.921386,0.0828,0.708,6.707,128.6723,0.12355,9.684198392245259,0.098,999.9046,0
2019-07-03T10:42:52Z,10.066,8.5173,1.8947,4.9545,114.831,76.923906,0.0863,0.738,6.703,128.3483,0.12358,9.825621518332598,0.104,999.9052,0
2019-07-03T10:42:52Z,10.095,8.5088,1.8968,5.0872,115.826,77.579068,0.0891,0.763,6.698,128.2438,0.12363,9.919994958694781,0.108,999.9062,0
2019-07-03T10:42:52Z,10.132,8.4994,1.9019,5.1722,116.56,78.054982999999993,0.088,0.753,6.694,128.1836,0.12362,9.990572001438771,0.108,999.9076,0
2019-07-03T10:42:52Z,10.169,8.4954,1.8965,5.1963,117.033,78.352995,0.088,0.752,6.691,127.8776,0.1236,10.035508307179192,0.103,999.9089,0
2019-07-03T10:42:52Z,10.2,8.493,1.8407,5.018,117.394,78.574442,0.0898,0.767,6.688,127.2973,0.12363,10.069636291461439,0.093,999.9098,0
2019-07-03T10:42:52Z,10.22,8.4883,1.7554,4.6543,117.696,78.760621,0.0906,0.774,6.686,126.674,0.12364,10.098967741233603,0.082,999.9104,0
2019-07-03T10:42:52Z,10.231,8.4815,1.715,4.4694,117.983,78.950245,0.0897,0.766,6.683,126.0196,0.12364,10.127525486943982,0.074,999.9112,0
2019-07-03T10:42:52Z,10.24,8.4728,1.7071,4.4866,118.55,79.340556,0.0886,0.756,6.68,125.4083,0.12367,10.182633410231501,0.072,999.912,0
2019-07-03T10:42:52Z,10.252,8.4642,1.7036,4.5018,119.308,79.854105,0.0881,0.752,6.676,125.0473,0.12365,10.255504824416292,0.076,999.9127,0
2019-07-03T10:42:52Z,10.274,8.4548,1.7767,4.6536,119.924,80.2615,0.0877,0.75,6.673,124.6672,0.12362,10.315483938674895,0.081,999.9136,0
2019-07-03T10:42:52Z,10.304,8.4532,1.9228,4.9783,120.318,80.51321,0.0848,0.725,6.671,124.081,0.12358,10.352583240571642,0.086,999.9139,0
2019-07-03T10:42:52Z,10.334,8.4626,2.0057,5.1511,120.672,80.734655,0.0805,0.688,6.668,123.3801,0.12353,10.382744271108898,0.088,999.9136,0
2019-07-03T10:42:52Z,10.358,8.4657,2.0154,5.1686,121.225,81.094144,0.0798,0.682,6.665,122.732,0.12355,10.433268555436388,0.085,999.9139,0
2019-07-03T10:42:52Z,10.376,8.4622,2.0576,5.3213,121.912,81.551758,0.0817,0.698,6.663,122.268,0.1236,10.498239924921391,0.078,999.9144,0
2019-07-03T10:42:52Z,10.392,8.4573,2.1437,5.6216,122.589,82.005336,0.0813,0.694,6.661,121.8985,0.1236,10.56274606194941,0.069,999.9149,0
2019-07-03T10:42:52Z,10.408,8.449,2.1981,5.8176,123.245,82.443163,0.0797,0.68,6.658,121.5349,0.12359,10.62636797173715,0.061,999.9156,0
2019-07-03T10:42:52Z,10.423,8.4442,2.2041,5.8558,123.458,82.582995,0.0818,0.698,6.656,121.2273,0.12369,10.6476716470431,0.055,999.9163,0
2019-07-03T10:42:52Z,10.437,8.4448,2.1804,5.8542,123.037,82.296396,0.0856,0.73,6.654,120.9318,0.1237,10.60823375850146,0.048,999.9166,0
2019-07-03T10:42:52Z,10.45,8.4456,2.1464,5.8305,122.655,82.031657,0.0867,0.74,6.653,120.63,0.1236,10.572384755093369,0.04,999.9168,0
2019-07-03T10:42:52Z,10.461,8.4449,2.1398,5.799,122.606,81.99046,0.0854,0.73,6.651,120.4169,0.12359,10.568025740521561,0.031,999.9172,0
2019-07-03T10:42:52Z,10.467,8.4442,2.1443,5.7681,122.61,81.989129,0.0838,0.715,6.649,120.2482,0.12359,10.568607058202335,0.024,999.9175,0
2019-07-03T10:42:52Z,10.469,8.4424,2.1145,5.5873,122.457,81.888324,0.0841,0.717,6.648,120.0528,0.12354,10.55488643791594,0.018,999.9173,0
2019-07-03T10:42:52Z,10.47,8.438,2.0563,5.2849,122.112,81.662291,0.0867,0.74,6.647,119.7748,0.12353,10.524050263759284,0.013,999.9174,0
2019-07-03T10:42:52Z,10.473,8.4337,2.022,5.1269,121.737,81.419187,0.0884,0.755,6.646,119.4692,0.12358,10.490390464832101,0.01,999.9177,0
2019-07-03T10:42:52Z,10.476,8.4322,2.0118,5.1179,121.449,81.23919,0.0869,0.742,6.645,119.1105,0.12364,10.464007394904659,0.009,999.9179,0
2019-07-03T10:42:52Z,10.478,8.4329,2.0023,5.2419,121.188,81.07638,0.0852,0.728,6.645,118.707,0.12364,10.439492368951315,0.009,999.9178,0
2019-07-03T10:42:52Z,10.48,8.4351,2.0022,5.4799,120.935,80.913846,0.0855,0.73,6.645,118.4632,0.12362,10.415286141059774,0.01,999.9175,0
2019-07-03T10:42:52Z,10.482,8.4379,2.0099,5.6355,120.665,80.737159,0.0862,0.736,6.644,118.3128,0.12362,10.389329041409175,0.01,999.9171,0
2019-07-03T10:42:52Z,10.485,8.4435,2.0179,5.6489,120.346,80.530435,0.0844,0.72,6.644,118.0931,0.12361,10.358001697522734,0.011,999.9166,0
2019-07-03T10:42:52Z,10.488,8.4502,1.9951,5.5758,120.11,80.386403,0.0813,0.694,6.643,117.7856,0.12359,10.334088382443065,0.012,999.9162,0
2019-07-03T10:42:52Z,10.492,8.4517,1.9337,5.4731,119.997,80.331592,0.0805,0.688,6.642,117.4349,0.12357,10.32314157727066,0.012,999.916,0
2019-07-03T10:42:52Z,10.495,8.4527,1.8908,5.423,119.942,80.313027,0.0812,0.694,6.641,117.122,0.12352,10.31773519583688,0.012,999.9159,0
2019-07-03T10:42:52Z,10.497,8.455,1.8844,5.4283,119.987,80.352795,0.0817,0.698,6.641,116.7559,0.12352,10.321246990544529,0.012,999.9156,0
2019-07-03T10:42:52Z,10.5,8.4598,1.8904,5.3736,120.102,80.43076,0.0813,0.695,6.641,116.1922,0.12355,10.33053602379944,0.011,999.9151,0
2019-07-03T10:42:52Z,10.504,8.4709,1.8949,5.2541,120.113,80.42872,0.081,0.692,6.641,115.641,0.1235,10.328314274596968,0.01,999.9144,0
2019-07-03T10:42:52Z,10.506,8.4797,1.8945,5.1954,120.069,80.391723,0.081,0.692,6.641,115.4246,0.12348,10.321654998994418,0.01,999.9137,0
