Date,Depth_m,Temp_C,Chla_ugL,Turb_NTU,Cond_uScm,Spec_Cond_uScm,DO_mgL,DO_pSat,pH,ORP_mV,PAR,Salinity,Descent.Rate..m.s.,Density_mg_m3,Flag
2020-06-18T07:01:02Z,0.1,18.5038,2.7208,7.9786,29.485,25.651834,6.3413,96.52,7.431,227.894,18.136,1.7727986232643143,0.027,998.5177,0
2020-06-18T07:01:02Z,0.3,18.3676,3.0616,7.7698,29.541,25.565469,6.3274,96.356,7.49,231.6781,12.408,1.7821296716126958,0.031,998.5445,0
2020-06-18T07:01:02Z,0.6,18.0989,4.3112,7.9963,29.681,25.579321,6.3393,96.136,7.306,234.8555,7.4268,1.8026001460319594,0.026,998.5963,0
2020-06-18T07:01:02Z,1,16.9336,5.1424,8.3673,29.964,25.120334,6.4758,95.24,7.172,236.1803,4.4571,1.8728269459041345,0.024,998.807,0
2020-06-18T07:01:02Z,1.3,16.7903,6.086,10.9628,29.708,24.826787,6.4928,94.739,7.073,238.0828,2.589,1.862401750645282,0.029,998.8332,0
2020-06-18T07:01:02Z,1.6,16.5205,7.4198,12.0006,29.128,24.164642,6.3386,92.849,7.034,239.0966,1.4897,1.8360492233939703,0.03,998.8802,0
2020-06-18T07:01:02Z,2,16.314,5.5275,16.0018,29.167,24.066266,5.9367,86.546,6.988,240.973,0.78097,1.848011488511999,0.025,998.9162,0
2020-06-18T07:01:02Z,2.3,15.9711,4.3841,20.3655,29.174,23.866055,5.6503,81.404,6.954,242.6323,0.35246,1.8642107358080129,0.043,998.9739,0
2020-06-18T07:01:02Z,2.6,14.9382,3.6599,21.9532,32.207,25.635535,4.8188,64.924,6.915,243.9595,0.12673,2.124225107629231,0.038,999.1374,0
2020-06-18T07:01:02Z,3,13.7578,4.1288,17.28,34.922,27.014137,2.3003,25.637,6.853,246.4802,0.12378,2.385290485012783,0.033,999.3086,0
2020-06-18T07:01:02Z,3.3,13.215,2.1845,9.6464,37.983,28.944392,0.475,4.821,6.787,249.044,0.12373,2.6447531413509893,0.044,999.3828,0
2020-06-18T07:01:02Z,3.6,12.6431,11.8008,7.6287,42.6,32.054582,0.1403,2.051,6.711,245.178,0.12377,3.0328591853702442,0.018,999.4578,0
2020-06-18T07:01:02Z,4,11.9704,5.0127,5.3887,48.917,36.150472,0.0821,1.048,6.625,222.2633,0.12376,3.5772252386352017,0.028,999.5409,0
2020-06-18T07:01:02Z,4.3,11.5146,1.4705,4.0351,54.639,39.876114,0.0599,0.796,6.558,164.5754,0.1237,4.074795653580007,0.022,999.5948,0
2020-06-18T07:01:02Z,4.6,11.0906,1.3917,4.218,57.637,41.59744,0.0598,0.72,6.519,132.5422,0.12369,4.36363868557482,0.027,999.642,0
2020-06-18T07:01:02Z,5,10.6719,0.9226,3.1692,60.735,43.267304,0.0579,0.69,6.49,94.6098,0.12363,4.667590459104546,0.042,999.6866,0
2020-06-18T07:01:02Z,5.3,10.2641,0.4695,3.2667,61.993,43.676664,0.0488,0.671,6.483,57.3486,0.12367,4.8245118305877766,0.034,999.727,0
2020-06-18T07:01:02Z,5.6,10.0459,0.1996,2.9741,63.198,44.224804,0.0472,0.604,6.487,18.3374,0.12382,4.954521540741544,0.037,999.7486,0
2020-06-18T07:01:02Z,6,9.7264,0.0218,2.5309,64.988,45.099237,0.0503,0.557,6.484,-13.4017,0.12365,5.150088941109354,0.05,999.7782,0
2020-06-18T07:01:02Z,6.3,9.5015,-0.0681,2.1549,67.088,46.376085,0.0455,0.609,6.489,-33.9678,0.12374,5.361856558788605,0.036,999.7993,0
2020-06-18T07:01:02Z,6.6,9.3365,-0.052,2.1196,69.022,47.353841,0.0546,0.576,6.494,-47.0733,0.12371,5.5530784707761995,0.045,999.8148,0
2020-06-18T07:01:02Z,7,9.2258,-0.1045,2.1063,70.24,48.041516,0.0463,0.592,6.507,-59.7764,0.12376,5.6756597302734795,0.048,999.8255,0
2020-06-18T07:01:02Z,7.3,9.1458,-0.1865,1.9488,72.238,49.359856,0.0445,0.51,6.515,-67.6024,0.1237,5.862031675408183,0.047,999.834,0
2020-06-18T07:01:02Z,7.6,9.0713,-0.1784,1.8834,74.149,50.524676,0.0435,0.559,6.525,-74.7047,0.12369,6.041109246710128,0.037,999.8416,0
2020-06-18T07:01:02Z,8,9.0275,-0.1646,1.6072,78.14,53.133958,0.0531,0.547,6.538,-82.4022,0.12364,6.398648594898403,0.043,999.8475,0
2020-06-18T07:01:02Z,8.3,8.9111,-0.2422,1.8353,93.326,63.283743,0.0485,0.577,6.52,-88.729,0.12363,7.7703307537949495,0.048,999.8636,0
2020-06-18T07:01:02Z,8.6,8.8808,-0.2483,2.3908,95.405,64.630202,0.037,0.513,6.52,-87.9202,0.12368,7.96362370477397,0.055,999.8681,0
2020-06-18T07:01:02Z,9,8.8524,-0.2403,2.2076,98.477,66.666439,0.0503,0.52,6.545,-86.5438,0.12372,8.246744710542263,0.042,999.8727,0
2020-06-18T07:01:02Z,9.3,8.8301,-0.2254,6.2424,111.529,75.459762,0.0444,0.53,6.545,-86.2138,0.12373,9.437401076714643,0.066,999.8804,0
2020-06-21T19:34:20Z,0.1,22.0244,1.7091,3.4925,31.844,29.684957,6.1143,99.403,8.186,195.33690000000001,129.01,1.7726241185188722,0.066,997.7833,0
2020-06-21T19:34:20Z,0.3,20.3801,1.7827,3.4284,30.891,27.995068,7.0278,109.368,7.983,202.1216,106.31,1.7821702733324698,0.05,998.1433,0
2020-06-21T19:34:20Z,0.6,19.0059,2.015,4.2928,30.209,26.518286,7.3675,113.977,7.659,210.9006,78.57,1.7973475642482863,0.016,998.4236,0
2020-06-21T19:34:20Z,1,18.1099,2.5946,5.4391,29.989,25.822054,7.5651,114.155,7.501,212.9284,59.053,1.821909565123136,0.024,998.596,0
2020-06-21T19:34:20Z,1.3,17.449,4.1229,6.8923,29.568,25.117671,7.5269,112.22,7.285,218.4294,40.907,1.8236452541338117,0.013,998.7178,0
2020-06-21T19:34:20Z,1.6,16.798,7.2122,8.6423,29.222,24.401726,7.093,103.17,7.186,223.3818,28.718,1.8298270288002627,0.022,998.8331,0
2020-06-21T19:34:20Z,2,16.4434,6.8842,10.1823,29.255,24.171877,6.1827,89.576,7.13,225.2332,18.614,1.8480123222548803,0.031,998.8946,0
2020-06-21T19:34:20Z,2.3,15.7706,6.6764,12.478,29.882,24.362451,4.801,69.058,7.079,227.2706,11.324,1.9216695205709462,0.037,999.0064,0
2020-06-21T19:34:20Z,2.6,15.0776,4.6982,14.831,31.727,25.374461,3.6774,51.857,7.017,230.7863,6.91,2.0833599245923637,0.016,999.1163,0
2020-06-21T19:34:20Z,3,14.4457,2.8803,12.7479,34.198,26.905581,1.6136,21.704,6.88,236.1437,3.6354,2.2921327424579845,0.016,999.212,0
2020-06-21T19:34:20Z,3.3,13.8455,3.7918,8.4806,39.732,30.783083,0.3015,3.796,6.735,239.2635,1.9879,2.7294859983585726,0.021,999.2992,0
2020-06-21T19:34:20Z,3.6,12.7519,6.3077,6.7579,46.371,34.982105,0.0932,1.253,6.656,201.6268,1.1933,3.3100899191528708,0.014,999.4456,0
2020-06-21T19:34:20Z,4,12.1065,5.5397,5.3405,54.68,40.427635,0.0732,1.029,6.572,147.5825,0.71634,4.014200872137315,0.041,999.5265,0
2020-06-21T19:34:20Z,4.3,11.4455,4.5699,4.4003,58.643,42.908297,0.0594,0.789,6.523,104.5938,0.4527,4.402860780422258,0.015,999.6039,0
2020-06-21T19:34:20Z,4.6,11.1966,3.6564,4.37,63.13,45.726458,0.0467,0.662,6.478,48.0002,0.25202,4.796200668181624,0.011,999.6333,0
2020-06-21T19:34:20Z,5,10.62,1.5285,3.4864,66.225,47.038217,0.0446,0.596,6.45,-12.4854,0.14581,5.127914146035689,0.077,999.6932,0
2020-06-21T19:34:20Z,5.3,10.4903,1.2048,3.0326,66.13,46.932904,0.0533,0.616,6.456,-36.5691,0.12393,5.138149380581423,0.017,999.7074,0
2020-06-21T19:34:20Z,5.6,10.1456,0.988,2.8528,66.678,46.902477,0.0427,0.602,6.464,-50.3883,0.12371,5.23290610970092,0.01,999.7408,0
2020-06-21T19:34:20Z,6,9.744,0.9893,2.7577,68.636,47.667204,0.0439,0.585,6.473,-62.1046,0.12373,5.457784909441026,0.03,999.7781,0
2020-06-21T19:34:20Z,6.3,9.6667,0.8399,2.592,69.852,48.429815,0.0441,0.568,6.485,-76.2476,0.12363,5.573385877098845,0.031,999.7864,0
2020-06-21T19:34:20Z,6.6,9.6471,0.5056,2.6575,71.093,49.233982,0.0508,0.538,6.496,-88.5838,0.1237,5.6826811567056135,0.01,999.7902,0
2020-06-21T19:34:20Z,7,9.3575,-0.0153,2.0912,72.098,49.587145,0.0357,0.484,6.516,-96.9347,0.12369,5.815436588955698,0.017,999.8157,0
2020-06-21T19:34:20Z,7.3,9.295,-0.0811,2.0151,74.034,50.799275,0.0512,0.599,6.537,-103.5982,0.12372,5.993527101348075,0.021,999.8225,0
2020-06-21T19:34:20Z,7.6,9.2687,-0.1485,1.8735,74.558,51.057964,0.0455,0.57,6.559,-110.9352,0.12375,6.043460270802456,0.013,999.8267,0
2020-06-21T19:34:20Z,8,9.1621,-0.1452,1.8249,76.034,51.943258,0.0425,0.573,6.573,-114.8485,0.12364,6.190322790265403,0.025,999.8371,0
2020-06-21T19:34:20Z,8.3,9.0982,-0.2077,2.1168,80.141,54.648456,0.0374,0.507,6.596,-119.76,0.12366,6.561780005872024,0.016,999.8446,0
2020-06-21T19:34:20Z,8.6,9.085,-0.2053,1.8795,85.398,58.20701,0.0525,0.55,6.589,-120.6133,0.12372,7.028072040514103,0.044,999.8491,0
2020-06-21T19:34:20Z,9,9.031,-0.2748,2.0982,93.024,63.280101,0.0457,0.581,6.612,-122.6525,0.12365,7.717192052875012,0.037,999.8564,0
2020-06-21T19:34:20Z,9.3,8.9712,-0.2681,1.8563,97.182,65.991426,0.0441,0.498,6.618,-125.38,0.1236,8.102850881073476,0.029,999.8648,0
2020-06-24T20:31:50Z,0.1,22.684,0.9158,2.3476,31.49,30.034667,6.0754,100.626,7.93,136.8468,1292.9,1.7260684279940899,0.023,997.6311,0
2020-06-24T20:31:50Z,0.3,22.6829,0.9923,2.3025,31.451,29.987174,6.085,100.771,7.937,144.2745,794.67,1.7238451102590129,0.021,997.6323,0
2020-06-24T20:31:50Z,0.6,22.0364,0.9191,2.3893,31.778,29.868206,6.3848,108.211,7.544,149.0399,372.24,1.7682477821362634,0.027,997.7829,0
2020-06-24T20:31:50Z,1,19.4695,1.0824,2.6159,30.843,27.364128,7.758,118.875,7.404,152.6432,411.31,1.817344961035521,0.033,998.3335,0
2020-06-24T20:31:50Z,1.3,18.5517,2.2007,4.3908,30.172,26.239162,7.6488,116.416,7.242,157.1405,285.58,1.8144318711932472,0.018,998.5143,0
2020-06-24T20:31:50Z,1.6,17.5147,2.6153,5.3574,29.703,25.234435,7.5733,113.373,7.211,163.2019,182.4,1.8295380507072796,0.008,998.7076,0
2020-06-24T20:31:50Z,2,16.8039,3.8267,7.6985,29.762,24.831884,7.273,106.054,7.189,166.9154,130.79,1.865348087849356,0.008,998.8338,0
2020-06-24T20:31:50Z,2.3,15.6958,11.1397,9.8859,31.431,25.569378,4.1327,58.343,7.112,171.9628,91.843,2.0310880163171174,0.01,999.0188,0
2020-06-24T20:31:50Z,2.6,14.9628,7.2579,10.6718,33.6,26.750606,1.8617,24.279,7.09,177.6318,56.231,2.220366777839584,0.016,999.1342,0
2020-06-24T20:31:50Z,3,14.0627,6.9925,8.7243,37.74,29.414587,0.3269,3.697,6.914,182.7637,24.061,2.569933597156438,0.022,999.2673,0
2020-06-24T20:31:50Z,3.3,13.2713,6.3379,6.3018,42.27,32.326039,0.0971,1.219,6.763,172.2853,20.846,2.958907970874998,0.015,999.3772,0
2020-06-24T20:31:50Z,3.6,12.521,9.0324,4.382,47.354,35.495921,0.0631,0.841,6.685,155.7928,6.2927,3.405527760546729,0.018,999.4743,0
2020-06-24T20:31:50Z,4,11.9193,4.0415,3.9053,55.339,40.868677,0.0594,0.71,6.609,123.5786,5.7279,4.086184999468475,0.015,999.5489,0
2020-06-24T20:31:50Z,4.3,11.3136,3.0697,4.0048,59.186,42.951039,0.0545,0.632,6.558,106.3041,3.7938,4.462261364741009,0.026,999.6179,0
2020-06-24T20:31:50Z,4.6,11.0904,2.5606,3.3899,62.467,45.080748,0.0503,0.607,6.517,95.6389,3.5556,4.755921519075648,0.012,999.6437,0
2020-06-24T20:31:50Z,5,10.5926,2.2258,2.9252,66.069,46.995525,0.0466,0.517,6.488,73.1418,0.84302,5.118794757284638,0.028,999.696,0
2020-06-24T20:31:50Z,5.3,10.3257,3.4806,2.6182,65.624,46.414293,0.041,0.653,6.474,13.8129,0.81657,5.119031575226365,0.07,999.7225,0
2020-06-24T20:31:50Z,5.6,10.1829,4.5328,2.8345,66.365,46.758971,0.0435,0.535,6.472,-23.4153,0.66513,5.201266290609668,0.062,999.7372,0
2020-06-24T20:31:50Z,6,9.7372,3.9338,2.297,71.655,49.742098,0.0439,0.589,6.461,-44.5636,0.63059,5.716654300268352,0.045,999.7797,0
2020-06-24T20:31:50Z,6.3,9.5817,10.5559,3.0031,73.407,50.748829,0.0424,0.519,6.457,-56.1939,0.50419,5.892016189640101,0.058,999.7948,0
2020-06-24T20:31:50Z,6.6,9.5099,3.8931,2.3604,74.703,51.540679,0.042,0.515,6.455,-64.4033,0.26644,6.01565325396936,0.06,999.8028,0
2020-06-24T20:31:50Z,7,9.4487,0.8696,2.371,75.612,52.079372,0.0407,0.566,6.462,-70.1041,0.12875,6.104590822981826,0.06,999.8095,0
2020-06-24T20:31:50Z,7.3,9.3786,0.0902,1.6618,74.656,51.31912,0.0454,0.534,6.472,-77.0448,0.1237,6.033515053096006,0.042,999.8166,0
2020-06-24T20:31:50Z,7.6,9.3239,-0.0147,1.8596,74.142,50.878987,0.0501,0.501,6.483,-84.472,0.12356,5.998047109195873,0.075,999.8222,0
2020-06-24T20:31:50Z,8,9.2347,-0.071,1.619,74.518,51.010529,0.0483,0.593,6.497,-90.9478,0.12369,6.045679983567503,0.034,999.831,0
2020-06-24T20:31:50Z,8.3,9.1772,-0.0715,1.6936,97.395,66.651316,0.0463,0.561,6.5,-96.2807,0.12349,8.075405323389615,0.054,999.8437,0
2020-06-24T20:31:50Z,8.6,9.0819,-0.1308,1.623,95.789,65.253314,0.0451,0.532,6.466,-99.4271,0.12372,7.953183305359651,0.064,999.8535,0
2020-06-24T20:31:50Z,9,8.9987,-0.2822,1.82,97.592,66.369587,0.0411,0.556,6.488,-97.3476,0.12361,8.133454129721551,0.06,999.8618,0
2020-06-24T20:31:50Z,9.3,8.9766,-0.2051,2.3272,99.501,67.59534,0.0416,0.604,6.508,-98.9515,0.1236,8.310126342378474,0.067,999.8658,0
2020-06-28T08:40:34Z,0.1,22.4383,2.3324,1.5661,31.708,30.080908,5.2314,84.974,7.497,207.108,0.12376,1.7482855896339622,0.037,997.6883,0
2020-06-28T08:40:34Z,0.3,22.4564,2.3225,1.5888,31.683,30.078078,5.2578,86.598,7.383,212.0406,0.12371,1.7461152001308227,0.01,997.6851,0
2020-06-28T08:40:34Z,0.6,22.1229,2.7295,2.0582,32.099,30.254074,6.4108,104.851,7.281,210.6259,0.12368,1.7836783259677607,0.012,997.7633,0
2020-06-28T08:40:34Z,1,21.3658,3.3303,2.3633,32.508,30.10436,7.3411,119.647,7.162,212.3309,0.12366,1.8389824446864034,0.024,997.9348,0
2020-06-28T08:40:34Z,1.3,19.9534,4.3239,3.0135,30.22,27.159394,7.9235,124.691,7.145,214.4544,0.12379,1.7585347678907637,0.005,998.2364,0
2020-06-28T08:40:34Z,1.6,18.7104,3.8171,3.913,29.724,25.959534,7.944,121.082,7.341,214.2772,0.12367,1.7792139008184427,0.009,998.4852,0
2020-06-28T08:40:34Z,2,17.1157,5.0123,5.6958,29.896,25.205402,7.2292,106.207,7.336,215.9159,0.12371,1.8600310450384434,0.006,998.7798,0
2020-06-28T08:40:34Z,2.3,15.8327,5.5645,7.0649,31.831,25.991518,4.0565,56.398,7.23,219.3364,0.12368,2.0514775608800506,0.011,998.9971,0
2020-06-28T08:40:34Z,2.6,14.5709,5.656,7.7735,34.647,27.535549,0.6989,9.496,6.723,-66.9368,0.12368,2.316693302873656,-0.069,999.193,0
2020-06-28T08:40:34Z,3,13.4406,15.7404,6.5469,42.406,32.628666,0.0408,0.516,6.769,-107.0205,0.1237,2.9560344304272186,-0.055,999.3538,0
2020-06-28T08:40:34Z,3.3,13.2576,9.0093,4.6498,44.654,34.143602,0.0612,0.864,6.676,164.1077,0.12368,3.137984038278231,0.006,999.3797,0
2020-06-28T08:40:34Z,3.6,12.6697,10.7636,4.1352,49.108,36.986295,0.0545,0.717,6.591,128.2181,0.12364,3.5263537614947196,0.009,999.457,0
2020-06-28T08:40:34Z,4,12.0944,9.4212,6.2572,52.495,38.921548,0.0473,0.595,6.52,103.995,0.12361,3.844386687037296,0.019,999.5281,0
2020-06-28T08:40:34Z,4.3,11.7279,7.5904,6.5548,58.113,42.699902,0.0459,0.629,6.48,91.9119,0.12376,4.3274743604955805,0.013,999.5729,0
2020-06-28T08:40:34Z,4.6,11.2728,8.1624,4.8409,64.265,46.556425,0.0397,0.621,6.464,74.0521,0.12373,4.878542355747554,0.011,999.6254,0
2020-06-28T08:40:34Z,5,10.8916,6.9997,2.9489,65.717,47.020561,0.0456,0.535,6.439,-0.1712,0.12381,5.048390052488822,0.015,999.6667,0
2020-06-28T08:40:34Z,5.3,10.2326,5.4235,2.6637,69.649,49.068787,0.0431,0.562,6.428,-51.084,0.12364,5.47013263965623,0.007,999.7323,0
2020-06-28T08:40:34Z,5.6,9.8713,4.6213,2.6197,72.736,50.725114,0.0397,0.482,6.439,-72.1584,0.12362,5.7877555764075925,0.008,999.767,0
2020-06-28T08:40:34Z,6,9.5282,1.3165,2.0978,73.851,51.010101,0.0343,0.534,6.794,-149.2829,0.1236,5.939101373212967,-0.04,999.798,0
2020-06-28T08:40:34Z,6.3,9.5609,0.7319,2.1658,74.918,51.778379,0.0402,0.51,6.478,-91.7201,0.12371,6.025729111825437,0.017,999.797,0
2020-06-28T08:40:34Z,6.6,9.4739,0.4384,2.0905,75.065,51.753315,0.0442,0.517,6.496,-97.3041,0.1236,6.05299371151363,0.017,999.8058,0
2020-06-28T08:40:34Z,7,9.4758,0.0981,1.6573,75.675,52.189995,0.0434,0.529,6.515,-102.5471,0.12364,6.105449970519788,0.01,999.8074,0
2020-06-28T08:40:34Z,7.3,9.3165,-0.0887,1.8119,76.656,52.60878,0.0409,0.469,6.82,-147.2755,0.12366,6.217922660880516,-0.03,999.8222,0
2020-06-28T08:40:34Z,7.6,9.3083,-0.0703,1.6326,75.89,52.072044,0.0374,0.554,6.565,-114.8583,0.12354,6.152621200022229,0.014,999.8242,0
2020-06-28T08:40:34Z,8,9.1807,-0.1451,1.6079,85.51,58.467583,0.0409,0.474,6.84,-146.3922,0.12378,7.019248124947694,-0.031,999.8391,0
2020-06-28T08:40:34Z,8.3,9.1336,-0.2193,1.8219,94.721,64.670367,0.042,0.535,6.816,-143.6662,0.12372,7.846403971804552,-0.018,999.8475,0
2020-06-28T08:40:34Z,8.6,9.0927,-0.195,2.0471,94.3,64.297948,0.0448,0.472,6.603,-124.6844,0.12369,7.817754978785394,0.022,999.852,0
2020-06-28T08:40:34Z,9,9.0755,-0.1561,2.0239,97.562,66.495262,0.044,0.488,6.645,-128.6913,0.12356,8.1132876446241209,0.008,999.8562,0
2020-06-28T08:40:34Z,9.3,9.05,-0.2264,2.0619,100.806,68.658166,0.0409,0.526,6.673,-129.243,0.1236,8.410342011600887,0.015,999.8607,0
2020-06-28T09:41:31Z,0.1,23.0989,1.8748,1.434,31.594,30.355613,6.2332,106.547,7.314,169.7734,0.12356,1.7161961587719141,0.039,997.5333,0
2020-06-28T09:41:31Z,0.3,23.4471,2.1405,1.6604,31.475,30.478628,6.0062,100.528,7.287,170.6039,0.12376,1.696250480648134,0.012,997.451,0
2020-06-28T09:41:31Z,0.6,22.5802,1.9611,1.3706,31.848,30.325066,6.8276,113.216,7.299,173.7082,0.1237,1.7508783544523099,0.006,997.658,0
2020-06-28T09:41:31Z,1,21.4375,2.8187,2.672,32.291,29.974646,7.7634,126.349,7.285,173.6917,0.12376,1.8230130097832273,0.008,997.9188,0
2020-06-28T09:41:31Z,1.3,20.1066,3.2202,2.9487,30.46,27.466675,8.0959,127.567,7.387,179.4821,0.12361,1.7670110699311998,0.007,998.2049,0
2020-06-28T09:41:31Z,1.6,18.6155,3.9354,4.4101,29.369,25.610995,7.9652,122.03,7.387,180.1849,0.12367,1.7607067922739332,0.008,998.5033,0
2020-06-28T09:41:31Z,2,17.1372,4.2474,6.6652,29.68,24.966379,7.3169,107.96,7.409,179.8097,0.1237,1.8448475329914389,0.007,998.7759,0
2020-06-28T09:41:31Z,2.3,15.9929,5.106,7.591,31.902,26.103867,4.6377,64.219,7.343,186.6923,0.12364,2.048161007497353,0.009,998.9712,0
2020-06-28T09:41:31Z,2.6,14.98,6.9975,8.7231,34.319,27.425605,0.6969,9.8,7.097,193.8365,0.12373,2.269803591916417,0.009,999.1318,0
2020-06-28T09:41:31Z,3,14.5152,21.8319,7.561,36.576,28.861184,0.1282,1.701,6.879,197.2949,0.12359,2.4572808935329764,0.001,999.2028,0
2020-06-28T09:41:31Z,3.3,12.2293,7.9935,4.7676,50.357,37.735288,0.035,0.504,6.785,-128.4184,0.12372,3.664435445156015,-0.059,999.5088,0
2020-06-28T09:41:31Z,3.6,12.8136,8.8979,4.3672,46.872,35.322936,0.0528,0.693,6.621,116.5921,0.12375,3.34280025782445,0.019,999.4385,0
2020-06-28T09:41:31Z,4,12.0855,9.38,6.8263,55.145,40.936358,0.047,0.621,6.58,92.3676,0.12371,4.052933627412643,0.016,999.53,0
2020-06-28T09:41:31Z,4.3,11.3782,7.7873,6.1434,63.189,45.90343,0.0449,0.594,6.52,74.2337,0.12364,4.777601136534246,0.016,999.6125,0
2020-06-28T09:41:31Z,4.6,10.875,6.9255,4.1923,65.21,46.859764,0.0462,0.539,6.477,28.2535,0.12366,5.008967341701126,0.016,999.6665,0
2020-06-28T09:41:31Z,5,10.3964,5.3611,2.8004,68.208,48.330824,0.0424,0.567,6.462,-34.7721,0.12383,5.325003116530629,0.015,999.7154,0
2020-06-28T09:41:31Z,5.3,10.1388,6.4765,2.4462,69.892,49.103019,0.0424,0.598,6.462,-62.3603,0.12375,5.504748855955048,0.013,999.7411,0
2020-06-28T09:41:31Z,5.6,9.9625,8.7153,2.3335,70.011,48.975029,0.0462,0.559,6.48,-82.0456,0.12377,5.541582615416119,0.015,999.7582,0
2020-06-28T09:41:31Z,6,9.8009,4.6517,2.1336,71.658,49.896451,0.0443,0.546,6.496,-93.234,0.12369,5.706852254346572,0.016,999.7744,0
2020-06-28T09:41:31Z,6.3,9.701,2.2592,1.9136,72.834,50.544512,0.0419,0.485,6.506,-100.2872,0.12371,5.823407632333237,0.024,999.7848,0
2020-06-28T09:41:31Z,6.6,9.6281,0.6674,2.3729,73.148,50.643247,0.0461,0.554,6.52,-106.1462,0.1236,5.862140299026389,0.018,999.7925,0
2020-06-28T09:41:31Z,7,9.5329,0.6575,1.8384,74.674,51.539986,0.0448,0.523,6.54,-112.6624,0.12368,6.009277291559007,0.022,999.8025,0
2020-06-28T09:41:31Z,7.3,9.4548,0.5047,1.9014,75.914,52.308846,0.0398,0.46,6.561,-115.7951,0.12365,6.129695918765731,0.012,999.8109,0
2020-06-28T09:41:31Z,7.6,9.2089,-0.1327,1.7399,93.578,64.032163,0.0421,0.507,6.788,-144.0911,0.1238,7.728294402477323,-0.067,999.8381,0
2020-06-28T09:41:31Z,8,9.2655,-0.0696,1.6021,88.006,60.334603,0.0457,0.504,6.601,-127.3824,0.12367,7.222731207944805,0.023,999.8331,0
2020-06-28T09:41:31Z,8.3,9.2235,-0.0833,1.5901,94.85,64.921722,0.0436,0.514,6.61,-129.8191,0.12362,7.838198041933853,0.008,999.8405,0
2020-06-28T09:41:31Z,8.6,9.1562,-0.1446,1.9983,95.253,65.087249,0.0396,0.534,6.644,-132.3418,0.12359,7.888849036257301,0.023,999.84760000000006,0
2020-06-28T09:41:31Z,9,9.1021,-0.2198,1.8216,96.38,65.720889,0.0392,0.511,6.669,-135.3938,0.12372,8.00148557706984,0.027,999.8536,0
2020-06-28T09:41:31Z,9.3,9.061,-0.0919,1.9143,98.676,67.230165,0.0411,0.52,6.696,-134.4177,0.12364,8.2164446169536145,0.016,999.8592,0
2020-06-28T21:47:05Z,0.1,22.9834,0.4519,1.5951,31.617,30.341534,5.9318,98.956,7.5,181.542,325.11,1.7219236547362418,0.025,997.5608,0
2020-06-28T21:47:05Z,0.3,22.968,0.7092,1.5949,31.626,30.341515,5.9492,99.256,7.291,188.9542,273.91,1.7230271048726031,0.009,997.5655,0
2020-06-28T21:47:05Z,0.6,22.8084,1.1428,1.3975,31.551,30.172761,5.9778,99.202,7.198,195.526,553.22,1.7248081818368919,0.012,997.6045,0
2020-06-28T21:47:05Z,1,22.699,1.1854,1.6937,31.522,30.082154,5.9462,98.55,7.106,197.6458,770.53,1.7273297736057796,0.004,997.6317,0
2020-06-28T21:47:05Z,1.3,21.3529,1.4573,1.6066,30.164,27.592121,6.5559,110.559,7.043,200.8781,288.37,1.6994716886606407,0.025,997.9384,0
2020-06-28T21:47:05Z,1.6,18.9659,2.3387,3.5024,29.77,26.165295,7.8565,119.856,7.275,206.6781,171.04,1.771379033442527,0.025,998.4358,0
2020-06-28T21:47:05Z,2,17.4231,2.7762,4.4507,29.69,25.178764,7.7208,114.465,7.257,206.0467,229.54,1.832741577688547,0.012,998.7255,0
2020-06-28T21:47:05Z,2.3,16.1777,6.6146,7.0418,31.796,26.212707,4.8844,66.681,7.195,210.1814,199.84,2.03163327684891,0.005,998.9411,0
2020-06-28T21:47:05Z,2.6,15.3067,9.5759,7.4642,33.817,27.230271,1.5059,20.473,7.094,218.3591,124.55,2.2163132499088585,0.017,999.0819,0
2020-06-28T21:47:05Z,3,11.9854,7.0067,5.3255,51.26,38.093986,0.0579,0.745,6.849,-158.7166,20.512,3.758853166254952,-0.079,999.536,0
2020-06-28T21:47:05Z,3.3,13.1571,9.3316,4.792,45.134,34.406532,0.0694,0.817,6.703,160.1917,41.871,3.1822329359846155,0.018,999.3928,0
2020-06-28T21:47:05Z,3.6,12.3346,7.0593,5.8197,50.787,37.882186,0.0495,0.633,6.648,113.9238,25.269,3.6875261186182375,0.012,999.4978,0
2020-06-28T21:47:05Z,4,10.6091,3.2783,3.8942,66.36,47.317778,0.0457,0.657,6.826,-172.832,5.4859,5.140713879531174,-0.06,999.6899,0
2020-06-28T21:47:05Z,4.3,11.2417,3.2836,4.9714,62.711,45.499257,0.0475,0.577,6.514,67.7045,10.315,4.756372387831894,0.011,999.6268,0
2020-06-28T21:47:05Z,4.6,10.836,3.5513,3.2111,66.458,47.595724,0.0431,0.59,6.493,10.356,6.0842,5.117126115184569,0.005,999.6708,0
2020-06-28T21:47:05Z,5,10.3431,1.9244,2.3391,68.786,48.633085,0.0389,0.616,6.482,-83.0429,3.622,5.381221428059991,0.004,999.7205,0
2020-06-28T21:47:05Z,5.3,10.1786,1.1789,2.0194,69.971,49.24812,0.0476,0.591,6.489,-100.5623,2.3171,5.505399878295288,0.005,999.7375,0
2020-06-28T21:47:05Z,5.6,9.9372,0.9286,1.9307,71.87,50.18782,0.0427,0.5,6.513,-113.746,1.5817,5.703497204836644,0.018,999.7608,0
2020-06-28T21:47:05Z,6,9.7673,0.8528,1.9768,73.152,50.854434,0.0408,0.497,6.533,-122.4086,0.97071,5.839996961733107,0.008,999.7778,0
2020-06-28T21:47:05Z,6.3,9.7056,0.5308,1.8297,73.708,51.143291,0.0456,0.561,6.557,-131.9426,0.58972,5.897660651459813,0.008,999.7847,0
2020-06-28T21:47:05Z,6.6,9.6707,0.4429,1.582,77.802,53.921724,0.042,0.604,6.589,-137.4869,0.32631,6.255985048617236,0.005,999.7907,0
2020-06-28T21:47:05Z,7,9.5231,0.101,1.7917,76.094,52.55008,0.0428,0.495,6.634,-142.1374,0.14117,6.133679712288703,0.004,999.8039,0
2020-06-28T21:47:05Z,7.3,9.453,0.0371,2.7502,76.114,52.433198,0.0451,0.504,6.655,-146.2967,0.12367,6.147340039285264,0.014,999.8111,0
2020-06-28T21:47:05Z,7.6,9.1695,-0.1429,2.0507,92.714,63.368675,0.042,0.513,6.909,-168.9693,0.12371,7.659924761540275,-0.029,999.841,0
2020-06-28T21:47:05Z,8,9.3451,-0.0424,1.5388,77.648,53.304364,0.0398,0.527,6.685,-154.5332,0.12374,6.299272953009662,0.018,999.8234,0
2020-06-28T21:47:05Z,8.3,9.2478,-0.0824,1.5508,90.655,62.084604,0.0411,0.498,6.698,-155.7154,0.12372,7.460565490320305,0.009,999.8379,0
2020-06-28T21:47:05Z,8.6,9.1434,-0.2127,1.8147,92.715,63.295549,0.0409,0.525,6.707,-155.7442,0.12375,7.665487432454059,0.009,999.8475,0
2020-06-28T21:47:05Z,9,9.1063,-0.2066,1.8581,95.246,64.975918,0.0415,0.492,6.758,-159.5419,0.12373,7.8991997338554105,0.006,999.8529,0
2020-06-28T21:47:05Z,9.3,9.0696,-0.2307,1.85,98.134,66.865801,0.0394,0.49,6.797,-159.83690000000001,0.12373,8.165858390208125,0.007,999.8583,0
2020-06-29T05:00:17Z,0.1,23.9264,1.1683,1.4128,31.603,30.914582,6.2041,105.378,7.436,185.2967,442.25,1.6857132065795353,0.015,997.3333,0
2020-06-29T05:00:17Z,0.3,23.5758,1.6018,1.6363,31.481,30.53816,6.2542,104.603,7.349,184.0458,279.9,1.6917910372555518,0.027,997.4199,0
2020-06-29T05:00:17Z,0.6,22.1366,1.728,1.5974,31.318,29.452935,6.4384,108.214,7.258,187.7113,200.84,1.7372540777444658,0.023,997.76,0
2020-06-29T05:00:17Z,1,20.8787,2.4161,1.9276,32.653,29.967311,7.7881,124.467,7.164,185.7758,226.2,1.8683535852481976,0.032,998.041,0
2020-06-29T05:00:17Z,1.3,20.5669,2.4039,2.5743,31.015,28.236329,8.1524,128.446,7.164,184.841,165.83,1.7820215669042674,0.031,998.1085,0
2020-06-29T05:00:17Z,1.6,20.1671,2.5657,2.8478,30.556,27.646901,8.19,128.782,7.243,188.3633,104.56,1.7704103183964535,0.013,998.1937,0
2020-06-29T05:00:17Z,2,17.7007,2.751,3.4525,29.948,25.609809,7.7603,116.583,7.276,186.1048,91.129,1.837231661915369,0.013,998.6756,0
2020-06-29T05:00:17Z,2.3,16.5302,3.85,6.0897,31.093,25.790269,7.1807,100.152,7.243,185.6157,64.637,1.9669210502499963,0.02,998.8821,0
2020-06-29T05:00:17Z,2.6,15.5489,5.7738,6.8462,33.668,27.279674,2.1601,28.222,7.262,186.2822,40.792,2.1926203789274763,0.026,999.0442,0
2020-06-29T05:00:17Z,3,12.1128,12.2843,5.8799,50.616,37.807489,0.0478,0.644,6.666,-121.1737,6.82,3.6959578606826153,-0.096,999.5212,0
2020-06-29T05:00:17Z,3.3,13.352,35.3329,6.1221,45.87,34.983329,0.131,1.635,6.964,193.7646,14.232,3.2211660977204675,0.02,999.3677,0
2020-06-29T05:00:17Z,3.6,12.3736,10.6322,5.5513,51.414,38.402231,0.0666,0.81,6.833,122.2981,7.6081,3.732275868410141,0.022,999.4936,0
2020-06-29T05:00:17Z,4,11.9473,9.2701,8.0428,56.302,41.489514,0.0614,0.74,6.71,94.4616,4.9634,4.159102957541416,0.039,999.546,0
2020-06-29T05:00:17Z,4.3,11.4222,7.903,7.3817,60.872,44.311679,0.0549,0.66,6.656,83.3259,2.9067,4.584952351954792,0.009,999.607,0
2020-06-29T05:00:17Z,4.6,9.9305,2.043,2.6146,72.744,50.801608,0.0654,0.78,6.657,-121.9643,0.47173,5.779080625514976,-0.075,999.7573,0
2020-06-29T05:00:17Z,5,10.8475,5.2195,3.9281,67.617,48.522712,0.0487,0.633,6.534,17.2216,0.89576,5.2111428873434305,0.013,999.6717,0
2020-06-29T05:00:17Z,5.3,10.4451,3.4597,3.2556,69.46,49.136987,0.0483,0.611,6.501,-32.3423,0.52382,5.422585516224583,0.036,999.7124,0
2020-06-29T05:00:17Z,5.6,10.0075,2.3367,2.8975,71.022,49.692826,0.0547,0.568,6.471,-62.3026,0.30294,5.62046132757371,0.018,999.7546,0
2020-06-29T05:00:17Z,6,9.7456,0.9903,1.9965,73.994,51.568467,0.0431,0.591,6.452,-82.5546,0.15993,5.915697076591578,0.018,999.7797,0
2020-06-29T05:00:17Z,6.3,9.6402,0.2332,2.257,75.429,52.268047,0.0667,0.86,6.441,-87.9225,0.12365,6.056519262415898,0.032,999.7908,0
2020-06-29T05:00:17Z,6.6,9.3847,-0.0829,4.61,80.403,55.311637,0.1259,1.536,6.649,-100.2784,0.12358,6.532563076598733,-0.048,999.8149,0
2020-06-29T05:00:17Z,7,9.4611,-0.0791,4.3778,79.979,55.080475,0.1212,1.587,6.476,-84.8079,0.12347,6.481739408187357,0.022,999.8101,0
2020-06-29T05:00:17Z,7.3,9.3723,-0.1259,5.5868,80.622,55.426262,0.1252,1.447,6.641,-98.6289,0.12369,6.553875778126148,-0.029,999.8192,0
2020-06-29T05:00:17Z,7.6,9.3874,-0.147,4.8689,80.404,55.276873,0.1466,1.794,6.513,-86.3144,0.12354,6.53205952781932,0.03,999.8194,0
2020-06-29T05:00:17Z,8,9.3879,-0.2031,4.8578,80.567,55.422252,0.1378,1.779,6.526,-84.6761,0.12354,6.546162446648623,0.021,999.821,0
2020-06-29T05:00:17Z,8.3,9.3595,-0.2091,4.8277,80.645,55.438744,0.136,1.678,6.538,-84.9673,0.12349,6.558122624662639,0.028,999.8249,0
2020-06-29T05:00:17Z,8.6,9.3531,-0.1339,5.3477,81.034,55.673264,0.1493,1.74,6.55,-88.1148,0.12367,6.593257909252379,0.021,999.827,0
2020-06-29T05:00:17Z,9,9.381,-0.1563,4.3838,81.05,55.728528,0.1461,1.805,6.563,-87.8071,0.12359,6.589501513741575,0.022,999.8264,0
2020-06-29T05:00:17Z,9.3,9.3708,-0.1635,4.4687,81.033,55.698981,0.1265,1.571,6.578,-88.0797,0.12354,6.589854350373152,0.022,999.8288,0
2020-07-01T20:32:25Z,0.1,24.7463,0.383,1.1099,31.575,31.416793,5.6729,98.309,7.868,141.2144,550.07,1.6543717154793802,0.034,997.1285,0
2020-07-01T20:32:25Z,0.3,24.7347,0.251,1.0989,31.564,31.401225,5.6772,98.018,7.69,148.3845,697.78,1.654173154257644,0.033,997.1323,0
2020-07-01T20:32:25Z,0.6,24.6707,0.7644,1.0966,31.587,31.376048,5.7254,97.767,7.677,149.3108,479.92,1.6577351202856967,0.05,997.1501,0
2020-07-01T20:32:25Z,1,24.5698,0.8871,1.1101,31.61,31.335227,5.7473,98.126,7.494,153.4392,315.79,1.6626345684035597,0.021,997.1771,0
2020-07-01T20:32:25Z,1.3,22.1439,0.999,1.0849,32.79,30.796097,7.2446,125.492,7.365,154.7986,355.09,1.8234718725996835,0.032,997.7618,0
2020-07-01T20:32:25Z,1.6,20.6989,1.8686,2.1288,30.026,27.272715,8.0688,127.568,7.256,158.2129,179.17,1.7167347312432122,0.043,998.0816,0
2020-07-01T20:32:25Z,2,18.9419,2.0205,2.479,29.807,26.026021,8.0403,119.851,7.237,159.7295,197.21,1.7747071729821389,0.039,998.4419,0
2020-07-01T20:32:25Z,2.3,16.8048,3.0416,4.3387,31.24,26.12764,7.0687,101.946,7.257,160.8457,115.98,1.9635013240528767,0.029,998.8356,0
2020-07-01T20:32:25Z,2.6,16.0873,4.7134,5.3946,33.149,27.032404,4.5846,60.141,7.228,165.7424,94.044,2.128104198285993,0.046,998.9577,0
2020-07-01T20:32:25Z,3,15.0046,4.6466,5.0666,35.564,28.39288,0.9951,12.222,7.163,170.3163,61.5,2.3557876709513255,0.031,999.13,0
2020-07-01T20:32:25Z,3.3,14.2242,8.2862,4.4085,40.999,32.170218,0.0441,1.767,7.059,172.4572,40.281,2.794837282910022,0.031,999.247,0
2020-07-01T20:32:25Z,3.6,13.0208,9.357,4.9084,49.022,36.977759,0.0656,1.014,6.934,163.8148,24.867,3.487539758567148,0.029,999.4127,0
2020-07-01T20:32:25Z,4,11.8629,6.2111,10.5718,64.041,47.0354,0.0573,0.813,6.809,129.5228,15.714,4.7841154997248925,0.064,999.5574,0
2020-07-01T20:32:25Z,4.3,11.2046,3.584,9.4124,65.419,47.277939,0.0574,0.724,6.724,103.2267,9.416,4.981581557803947,0.03,999.6314,0
2020-07-01T20:32:25Z,4.6,10.9112,3.9973,6.1514,69.33,49.742895,0.063,0.684,6.673,79.7251,4.9888,5.343540238492479,0.041,999.664,0
2020-07-01T20:32:25Z,5,10.3328,4.1481,4.356,65.584,45.9966,0.1221,2.247,6.613,33.3518,2.5501,5.114719950913846,0.039,999.7205,0
2020-07-01T20:32:25Z,5.3,9.9065,3.5524,6.3246,65.242,45.55524,0.4132,5.312,6.61,9.5886,1.393,5.146046743490344,0.035,999.76,0
2020-07-01T20:32:25Z,5.6,9.863,1.7068,7.7394,65.293,45.520466,0.4219,5.377,6.592,20.3551,0.7062,5.156512784872312,0.042,999.7653,0
2020-07-01T20:32:25Z,6,9.8509,1.8742,7.8394,65.31,45.525911,0.4315,5.311,6.581,25.8166,0.32026,5.1596466344582845,0.068,999.7679,0
2020-07-01T20:32:25Z,6.3,9.8581,1.7984,7.7852,65.304,45.526007,0.4212,5.332,6.575,27.71,0.12579,5.158089685025274,0.062,999.7687,0
2020-07-01T20:32:25Z,6.6,9.8465,1.8182,8.3539,65.28,45.499123,0.4112,5.146,6.565,30.0913,0.12352,5.157683010600489,0.061,999.7714,0
2020-07-01T20:32:25Z,7,9.8639,2.0135,7.708,65.212,45.45237,0.4051,5.092,6.555,30.194,0.12354,5.149429824717499,0.089,999.7715,0
2020-07-01T20:32:25Z,7.3,9.8541,1.7232,7.9821,65.213,45.449377,0.4048,5.153,6.554,32.6082,0.12366,5.1508824378145155,0.083,999.7738,0
2020-07-01T20:32:25Z,7.6,9.8438,1.8315,8.2035,65.22,45.450194,0.4043,5.122,6.549,31.1358,0.12361,5.152913721146974,0.078,999.7762,0
2020-07-01T20:32:25Z,8,9.8456,1.7034,8.1065,65.254,45.474431,0.4024,5.066,6.546,30.0505,0.12351,5.155506891420722,0.065,999.7777,0
2020-07-01T20:32:25Z,8.3,9.8609000000000009,1.6741,8.0783,65.227,45.495554,0.397,5.037,6.541,31.6694,0.12358,5.151021999369616,0.038,999.7779,0
2020-07-01T20:32:25Z,8.6,9.84,1.7973,8.4975,65.184,45.446866,0.4019,5.025,6.539,31.8802,0.12358,5.15032877053474,0.097,999.7813,0
2020-07-01T20:32:25Z,9,9.8679,1.7302,7.9896,65.2,45.455974,0.3986,5.002,6.534,31.6626,0.12351,5.147691647110867,0.047,999.7804,0
2020-07-01T20:32:25Z,9.3,9.8413,1.8024,8.2483,65.21,45.438542,0.3903,4.963,6.53,32.2183,0.12368,5.1522923579935345,0.066,999.7843,0
2020-07-05T21:24:12Z,0.1,26.7874,0.8453,1.1293,32.2,33.354734,5.7236,101.353,8.022,242.1122,417.04,1.6172131366162426,0.011,996.591,0
2020-07-05T21:24:12Z,0.3,26.5848,0.607,1.1012,31.54,32.537419,5.6807,100.763,7.78,237.3622,944.98,1.5889282996141592,0.012,996.6469,0
2020-07-05T21:24:12Z,0.6,25.5838,1.1294,1.1236,33.096,33.480574,6.9244,121.67,7.551,235.3785,511.45,1.707776321462905,0.013,996.9155,0
2020-07-05T21:24:12Z,1,24.4396,1.6717,1.8274,33.502,33.113322,7.5122,128.226,7.363,232.2592,492.58,1.7731077790362682,0.014,997.2104,0
2020-07-05T21:24:12Z,1.3,22.7524,2.3543,1.9042,31.382,29.840563,8.1626,135.096,7.221,234.9825,352.89,1.7171642110797127,0.012,997.6206,0
2020-07-05T21:24:12Z,1.6,20.9843,1.9296,1.8354,29.905,27.434838,8.3267,134.007,7.271,234.183,299.92,1.6982646527350467,0.016,998.0202,0
2020-07-05T21:24:12Z,2,19.438,2.6789,2.3592,30.112,26.714168,8.1329,126.166,7.341,234.5731,206.02,1.7730915226923718,0.013,998.344,0
2020-07-05T21:24:12Z,2.3,18.2861,2.9735,2.7831,30.867,26.719279,7.806,117.797,7.338,233.3612,150.36,1.8704770080773636,0.012,998.5693,0
2020-07-05T21:24:12Z,2.6,16.971,3.4863,3.2306,33.034,27.719952,6.0669,86.142,7.314,235.532,120.56,2.0746974887217,0.021,998.8091,0
2020-07-05T21:24:12Z,3,15.4638,6.082,3.4174,36.314,29.45178,1.4797,20.465,7.223,243.1783,84.4,2.3809108614282373,0.015,999.06,0
2020-07-05T21:24:12Z,3.3,14.1366,4.7905,2.9683,41.017,31.884706,0.3931,5.07,7.05,245.9011,53.019,2.8024189827502157,0.016,999.2597,0
2020-07-05T21:24:12Z,3.6,13.0662,15.9566,3.0206,43.549,33.101751,0.0619,0.936,6.896,251.0472,38.295,3.0706286738657274,0.014,999.4055,0
2020-07-05T21:24:12Z,4,12.2492,12.0436,4.592,50.687,37.778164,0.0535,0.688,6.79,227.4753,24.658,3.688083071255794,0.015,999.5096,0
2020-07-05T21:24:12Z,4.3,11.4775,8.6737,14.1505,61.197,44.590754,0.0448,0.639,6.637,205.7117,16.463,4.6043053204124,0.023,999.6012,0
2020-07-05T21:24:12Z,4.6,10.9514,3.69,11.1267,63.399,45.497832,0.0467,0.612,6.56,129.2783,8.908,4.850115422829626,0.019,999.6583,0
2020-07-05T21:24:12Z,5,10.3076,4.0842,7.7494,51.584,36.446577,0.0418,0.5,6.568,105.6773,3.5796,3.9592647273311994,0.016,999.7176,0
2020-07-05T21:24:12Z,5.3,10.141,2.0018,7.9825,47.544,33.416179,0.0507,0.634,6.551,95.7133,1.7002,3.6459138259314146,0.026,999.7331,0
2020-07-05T21:24:12Z,5.6,10.1539,1.4641,8.7498,47.287,33.288148,0.0519,0.636,6.508,114.203,0.9214,3.6236045393185137,0.013,999.7334,0
2020-07-05T21:24:12Z,6,10.1263,1.4792,8.4139,47.481,33.358193,0.049,0.668,6.445,122.7696,0.49792,3.6421946428595584,0.012,999.7375,0
2020-07-05T21:24:12Z,6.3,10.1156,1.4979,8.4731,47.491,33.356697,0.0469,0.627,6.41,126.0996,0.22241,3.6440638666474183,0.011,999.74,0
2020-07-05T21:24:12Z,6.6,10.1113,1.5609,8.6677,47.681,33.489023,0.0456,0.627,6.383,129.7126,0.12392,3.660024827597027,0.011,999.742,0
2020-07-05T21:24:12Z,7,10.1511,1.189,8.3972,47.793,33.605406,0.048,0.641,6.363,131.3944,0.12358,3.6651710071515096,0.012,999.7401,0
2020-07-05T21:24:12Z,7.3,10.1255,1.101,8.4327,47.644,33.466866,0.0469,0.614,6.343,130.527,0.12361,3.655535201070086,0.009,999.7439,0
2020-07-05T21:24:12Z,7.6,10.1116,1.5034,9.0385,47.613,33.438023,0.0384,0.57,6.326,130.4812,0.12361,3.6543741864922588,0.009,999.7466,0
2020-07-05T21:24:12Z,8,10.1234,1.265,10.3892,47.621,33.46698,0.0454,0.62,6.315,136.2179,0.12361,3.653827182708004,0.009,999.7472,0
2020-07-05T21:24:12Z,8.3,10.1133,1.6553,9.2471,47.835,33.594003,0.048,0.546,6.302,136.1346,0.12367,3.672337892988598,0.013,999.7497,0
2020-07-05T21:24:12Z,8.6,10.1146,1.5839,9.1222,47.834,33.596408,0.0407,0.533,6.296,134.6375,0.12354,3.6721067134599377,0.016,999.7511,0
2020-07-05T21:24:12Z,9,10.145,1.5264,8.4459,47.81,33.607098,0.0428,0.594,6.273,131.6267,0.12358,3.667064241368626,0.012,999.75,0
2020-07-05T21:24:12Z,9.3,10.1098,1.6371,8.4327,47.86,33.609226,0.0481,0.537,6.309,131.6849,0.12362,3.674682181527798,0.036,999.7547,0
2020-07-08T20:42:08Z,0.1,26.9767,0.5933,1.3679,32.896,34.200325,5.4492,97.574,7.717,160.8488,965.33,1.6476605170022929,0.02,996.5393,0
2020-07-08T20:42:08Z,0.3,26.9432,1.2732,1.1445,31.916,33.147289,5.5279,99.294,7.65,169.2624,542.76,1.5969147908857495,0.019,996.5493,0
2020-07-08T20:42:08Z,0.6,26.2733,1.2715,1.2004,33.357,34.150257,6.5274,119.7,7.792,173.0459,273.2,1.696993603594585,0.029,996.7328,0
2020-07-08T20:42:08Z,1,25.4392,2.0589,1.6933,33.399,33.722099,7.3265,128.975,7.718,176.2065,216.64,1.729656831423244,0.027,996.9549,0
2020-07-08T20:42:08Z,1.3,24.3616,2.3271,1.6561,31.688,31.08282,7.983,135.758,7.525,180.4606,215.88,1.6745181563888236,0.06,997.2311,0
2020-07-08T20:42:08Z,1.6,22.6292,2.9467,1.8676,30.437,28.610532,8.2971,133.93,7.439,180.8091,206.26,1.6670909684465343,0.075,997.6505,0
2020-07-08T20:42:08Z,2,20.2661,2.5452,1.8743,30.144,27.290494,8.3112,132.748,7.484,180.2874,128.51,1.741162883964416,0.033,998.1746,0
2020-07-08T20:42:08Z,2.3,18.2388,2.5359,2.6055,31.514,27.32414,7.745,116.778,7.468,181.8675,171.25,1.9141721918142836,0.024,998.5784,0
2020-07-08T20:42:08Z,2.6,16.7641,5.0557,2.8869,34.474,28.729805,5.0048,72.182,7.389,184.205,117.87,2.181710124776062,0.031,998.845,0
2020-07-08T20:42:08Z,3,15.4766,5.4355,2.8741,38.54,31.088186,1.0096,15.627,7.285,189.3831,82.513,2.535365471613447,0.034,999.0583,0
2020-07-08T20:42:08Z,3.3,14.1388,6.5053,2.8065,41.942,32.542356,0.5168,5.847,7.157,195.9388,39.595,2.8695273615100696,0.083,999.2594,0
2020-07-08T20:42:08Z,3.6,13.1569,8.0909,2.5657,43.978,33.394108,0.1408,0.634,7.11,198.4614,31.6,3.095514843452564,0.091,999.3939,0
2020-07-08T20:42:08Z,4,12.8823,13.8215,3.2164,44.188,33.461553,0.0794,1.043,7.03,197.8197,24.595,3.133626064819924,0.021,999.4305,0
2020-07-08T20:42:08Z,4.3,11.7913,9.5071,9.8903,51.661,37.857782,0.0575,0.894,6.844,174.6097,13.25,3.809813569044715,0.017,999.5636,0
2020-07-08T20:42:08Z,4.6,10.6153,4.2647,14.6804,44.779,31.855869,0.0452,0.8,6.761,139.219,7.9318,3.3763858183990143,0.024,999.6849,0
2020-07-08T20:42:08Z,5,10.3106,3.5544,12.9631,44.688,31.55656,0.5332,7.066,6.722,142.1115,2.1725,3.397165116285816,0.025,999.7151,0
2020-07-08T20:42:08Z,5.3,10.2876,3.014,10.1444,44.632,31.475274,0.5379,7.01,6.646,151.7148,0.36893,3.3947476217267223,0.031,999.7187,0
2020-07-08T20:42:08Z,5.6,10.2537,3.1043,9.4774,44.675,31.492766,0.5235,6.549,6.601,160.0896,0.13161,3.401367958317889,0.031,999.7234,0
2020-07-08T20:42:08Z,6,10.2437,2.9379,9.4762,44.603,31.44466,0.52,6.672,6.565,163.3654,0.12353,3.396440412899795,0.053,999.7259,0
2020-07-08T20:42:08Z,6.3,10.2396,2.6842,9.3947,44.635,31.458401,0.5307,6.816,6.545,167.9461,0.12365,3.399400408634902,0.05,999.7279,0
2020-07-08T20:42:08Z,6.6,10.2349,2.896,9.436,44.619,31.444569,0.5537,6.961,6.524,168.2911,0.12356,3.3985224368740927,0.037,999.7299,0
2020-07-08T20:42:08Z,7,10.2589,2.8034,9.4154,44.66,31.478929,0.5551,7.054,6.499,173.2506,0.1235,3.3995986951192303,0.097,999.7292,0
2020-07-08T20:42:08Z,7.3,10.2338,2.7401,9.7154,44.659,31.473338,0.5481,6.847,6.486,175.4379,0.12358,3.4018364379183548,0.106,999.7331,0
2020-07-08T20:42:08Z,7.6,10.265,3.0738,9.4955,44.646,31.474151,0.5311,6.698,6.462,176.7107,0.12355,3.3978624064145295,0.078,999.7318,0
2020-07-08T20:42:08Z,8,10.2375,2.8236,9.6153,44.599,31.431646,0.511,6.492,6.445,182.3145,0.12356,3.396589691376251,0.08,999.7359,0
2020-07-08T20:42:08Z,8.3,10.2327,2.5674,9.6952,44.651,31.46511,0.5171,6.548,6.436,180.7269,0.12357,3.401238349347613,0.058,999.7379,0
2020-07-08T20:42:08Z,8.6,10.2312,2.497,9.5086,44.699,31.497494,0.5213,6.797,6.424,182.1106,0.1236,3.405257473016626,0.126,999.7395,0
2020-07-08T20:42:08Z,9,10.2369,2.4937,9.6151,44.689,31.497608,0.532,6.72,6.418,180.444,0.12358,3.403897100943792,0.049,999.7406,0
2020-07-08T20:42:08Z,9.3,10.233,2.4202,9.5056,44.696,31.496467,0.5175,6.456,6.406,184.0806,0.12356,3.40481179774865,0.04,999.7425,0
2020-07-09T02:22:06Z,0.1,27.8321,1.0104,1.0967,32.381,34.194709,5.5846,101.785,7.83,90.5904,372.06,1.5918546865460608,0.036,996.3008,0
2020-07-09T02:22:06Z,0.3,27.5346,1.0234,1.0615,32.688,34.340334,5.7644,103.95,7.609,98.4845,296.25,1.6177395097904115,0.027,996.3856,0
2020-07-09T02:22:06Z,0.6,26.9606,1.3542,1.3523,33.448,34.665635,6.4344,117.802,7.41,108.5518,264.25,1.6774770093879205,0.075,996.5464,0
2020-07-09T02:22:06Z,1,26.429,1.9338,1.5936,33.655,34.55415,6.9204,124.695,7.262,111.4126,187.77,1.7074127776264418,0.053,996.6926,0
2020-07-09T02:22:06Z,1.3,24.7127,2.3622,1.5839,32.866,32.579999,7.9922,139.773,7.228,113.1505,156.37,1.7272422902320066,0.032,997.1429,0
2020-07-09T02:22:06Z,1.6,23.1687,3.0423,1.8735,30.932,29.661109,8.3189,138.321,7.239,120.1602,121.71,1.6755646945426355,0.03,997.5235,0
2020-07-09T02:22:06Z,2,20.7998,2.9093,2.056,30.298,27.701978,8.3958,134.345,7.315,124.4189,94.885,1.729167864894561,0.033,998.0617,0
2020-07-09T02:22:06Z,2.3,18.9914,2.8353,2.3224,32.269,28.203915,7.9946,119.396,7.274,127.8897,66.584,1.9279616343920551,0.054,998.4345,0
2020-07-09T02:22:06Z,2.6,17.6134,3.8261,2.6208,34.704,29.35663,6.3797,81.055,7.289,131.7189,48.643,2.152195513965175,0.059,998.6957,0
2020-07-09T02:22:06Z,3,16.1418,12.3953,2.9463,37.875,31.052618,2.3865,29.16,7.231,134.6277,36.873,2.44802457209013,0.026,998.9517,0
2020-07-09T02:22:06Z,3.3,14.7336,10.0556,2.618,40.816,32.391497,0.6518,8.219,7.092,131.8345,23.542,2.745716443630841,0.026,999.1738,0
2020-07-09T02:22:06Z,3.6,13.8006,6.4596,2.263,43.084,33.395006,0.3552,4.914,6.962,133.7824,15.696,2.9784895242910654,0.024,999.3083,0
2020-07-09T02:22:06Z,4,13.0822,11.0325,2.2875,44.15,33.554379,0.0862,0.697,6.901,135.6049,10.673,3.1144498474133626,0.033,999.4053,0
2020-07-09T02:22:06Z,4.3,12.1487,14.3207,6.784,56.12,41.431248,0.0698,0.85,6.774,132.633,7.6509,4.122597901734768,0.026,999.5248,0
2020-07-09T02:22:06Z,4.6,11.2147,4.496,13.8927,44.586,32.21148,0.3751,4.004,6.742,84.6113,4.5034,3.3068232755445286,0.049,999.6254,0
2020-07-09T02:22:06Z,5,10.7461,3.0832,11.2641,44.729,31.94613,0.4558,6.342,6.696,66.3623,1.6736,3.3603917566399986,0.072,999.6738,0
2020-07-09T02:22:06Z,5.3,10.6057,2.4865,10.0894,44.863,31.939739,0.5944,7.547,6.649,68.5839,0.64635,3.383983239043116,0.058,999.689,0
2020-07-09T02:22:06Z,5.6,10.5578,2.3006,9.3535,44.934,31.946052,0.5992,7.753,6.603,70.7709,0.30789,3.394093212994317,0.074,999.6951,0
2020-07-09T02:22:06Z,6,10.5164,2.5629,9.3035,44.965,31.931964,0.6394,8.223,6.571,75.5273,0.13024,3.400402317126694,0.048,999.7007,0
2020-07-09T02:22:06Z,6.3,10.5222,2.7344,9.0918,45.016,31.968605,0.6569,8.352,6.524,77.3839,0.12334,3.403956879172606,0.034,999.7016,0
2020-07-09T02:22:06Z,6.6,10.4147,2.562,9.1319,45.034,31.896526,0.6445,8.376,6.493,87.7395,0.12336,3.4153852152357547,0.072,999.7134,0
2020-07-09T02:22:06Z,7,10.3966,2.6079,9.0453,45.09,31.917741,0.6465,8.373,6.464,87.9007,0.12343,3.4215829742823596,0.063,999.7166,0
2020-07-09T02:22:06Z,7.3,10.5113,2.2147,9.1236,44.97,31.937516,0.6554,8.389,6.426,91.9294,0.1234,3.4012110906712825,0.086,999.7073,0
2020-07-09T02:22:06Z,7.6,10.4263,2.272,9.1236,45.102,31.954992,0.6622,8.365,6.417,93.0349,0.12335,3.4197463388655827,0.035,999.717,0
2020-07-09T02:22:06Z,8,10.3755,2.1213,9.0919,45.133,31.919005,0.6456,8.256,6.399,97.5627,0.12336,3.426982122867032,0.045,999.7233,0
2020-07-09T02:22:06Z,8.3,10.335,2.3918,9.298,45.161,31.918042,0.6262,7.967,6.383,102.6184,0.12344,3.4330255909671052,0.065,999.7287,0
2020-07-09T02:22:06Z,8.6,10.3245,2.7951,9.1107,45.196,31.931357,0.638,8.042,6.369,103.8371,0.12333,3.4368291543381053,0.061,999.7312,0
2020-07-09T02:22:06Z,9,10.3271,2.5926,9.5087,45.162,31.904711,0.6112,7.928,6.353,105.5492,0.12326,3.4338141197403687,0.09,999.7324,0
2020-07-09T02:22:06Z,9.3,10.3078,2.8538,9.5386,45.241,31.947835,0.6139,7.784,6.344,104.4125,0.12352,3.4420124639084633,0.1,999.7359,0
2020-07-12T22:08:51Z,0.1,26.1109,0.8814,1.6796,31.984,32.698643,4.696,77.77,7.385,230.1116,99.511,1.6287941577989722,0.024,996.7734,0
2020-07-12T22:08:51Z,0.3,26.1112,0.8199,1.7012,31.926,32.640408,3.3032,68.823,7.374,237.9438,568.63,1.6256572241986955,0.088,996.7744,0
2020-07-12T22:08:51Z,0.6,26.1336,0.9451,1.6478,31.903,32.629208,4.5356,77.042,7.385,238.9613,278.74,1.6236435777354823,0.082,996.7698,0
2020-07-12T22:08:51Z,1,26.1186,1.0963,1.6958,31.925,32.643051,4.6042,77.062,7.377,239.429,300.4,1.6253380429344724,0.074,996.7754,0
2020-07-12T22:08:51Z,1.3,26.1058,1.3101,1.7027,31.95,32.657128,4.188,75.632,7.372,240.7046,325.83,1.62711974728248,0.042,996.7802,0
2020-07-12T22:08:51Z,1.6,24.9693,1.6253,1.9471,31.746,31.397912,4.6115,81.674,7.381,241.2233,263.84,1.6558364111919281,0.044,997.0787,0
2020-07-12T22:08:51Z,2,21.9674,2.3719,2.5806,31.196,29.127118,7.0833,112.319,7.423,245.4795,213.91,1.7366752409976391,0.062,997.8044,0
2020-07-12T22:08:51Z,2.3,20.0692,3.2248,3.0222,31.699,28.322136,7.4839,120.734,7.445,246.1295,149.82,1.8447418983842097,0.064,998.2174,0
2020-07-12T22:08:51Z,2.6,17.3784,3.649,2.9313,35.477,29.919491,6.2074,79.838,7.459,248.218,92.775,2.215647366386857,0.031,998.7381,0
2020-07-12T22:08:51Z,3,15.6754,9.2059,3.0937,38.922,31.529976,1.5978,20.691,7.375,254.7395,67.322,2.5493662356308984,0.04,999.0273,0
2020-07-12T22:08:51Z,3.3,14.504,7.9105,2.7223,41.894,32.866077,0.6786,9.227,7.257,256.1133,47.658,2.8394248605004204,0.027,999.2076,0
2020-07-12T22:08:51Z,3.6,13.1194,8.9746,3.0496,44.392,33.816643,0.1215,2.359,7.148,259.7073,31.147,3.1296085292406195,0.042,999.399,0
2020-07-12T22:08:51Z,4,12.359,16.9514,3.8926,44.831,33.444679,0.0799,0.951,7.035,261.9204,21.086,3.2262812881246794,0.029,999.4945,0
2020-07-12T22:08:51Z,4.3,11.4963,9.7497,6.6726,54.709,39.901831,0.0515,0.692,6.93,263.4317,12.375,4.082374904147197,0.017,999.5967,0
2020-07-12T22:08:51Z,4.6,10.8865,7.3949,13.5254,45.239,32.51095,0.1697,2.686,6.811,174.1501,8.0052,3.388326559351146,0.028,999.6586,0
2020-07-12T22:08:51Z,5,10.5457,4.9219,13.0409,44.669,31.750717,0.5899,8.088,6.767,142.1918,3.2251,3.373917116297677,0.041,999.6932,0
2020-07-12T22:08:51Z,5.3,10.5351,2.5814,10.188,44.64,31.716297,0.7208,9.237,6.717,153.8261,1.3998,3.372540597106332,0.033,999.6956,0
2020-07-12T22:08:51Z,5.6,10.5093,2.7761,9.9754,44.65,31.698348,0.7195,9.213,6.669,167.72,0.64809,3.3757002172372115,0.03,999.6996,0
2020-07-12T22:08:51Z,6,10.4592,1.9426,9.9498,44.749,31.737301,0.627,8.034,6.618,175.7442,0.29471,3.3882804263622437,0.021,999.706,0
2020-07-12T22:08:51Z,6.3,10.4448,2.7398,10.7195,44.778,31.744445,0.6199,7.886,6.563,183.4919,0.14173,3.3919347177677386,0.021,999.7089,0
2020-07-12T22:08:51Z,6.6,10.4742,3.8472,10.9036,44.772,31.752821,0.6267,8.032,6.526,191.0209,0.12359,3.3887165505631764,0.038,999.7076,0
2020-07-12T22:08:51Z,7,10.4311,4.3206,11.305,44.783,31.731552,0.6158,7.872,6.492,195.2988,0.12361,3.393572198112984,0.027,999.7133,0
2020-07-12T22:08:51Z,7.3,10.4165,4.0413,10.974,44.803,31.737207,0.6109,7.751,6.471,199.2925,0.12358,3.3965230247053766,0.03,999.7162,0
2020-07-12T22:08:51Z,7.6,10.4073,3.7201,11.1415,44.833,31.751998,0.6014,7.687,6.442,202.1636,0.12355,3.399782500812691,0.029,999.7186,0
2020-07-12T22:08:51Z,8,10.4012,4.2691,11.6098,44.855,31.758162,0.5654,7.143,6.416,206.2519,0.12365,3.4021086454639007,0.026,999.7208,0
2020-07-12T22:08:51Z,8.3,10.3897,3.9086,11.6169,44.752,31.67584,0.5381,6.732,6.405,207.775,0.12365,3.3948352819339918,0.085,999.7235,0
2020-07-12T22:08:51Z,8.6,10.3855,3.034,11.0272,44.807,31.710025,0.4904,6.06,6.396,208.5305,0.12353,3.39965333283756,0.05,999.7253,0
2020-07-12T22:08:51Z,9,10.3789,3.5346,11.1726,44.769,31.680332,0.4677,6.125,6.38,210.2718,0.12353,3.3971769263407143,0.045,999.7275,0
2020-07-12T22:08:51Z,9.3,10.3687,2.9532,11.3595,44.858,31.735406,0.4396,5.324,6.364,210.7019,0.12368,3.405304093835357,0.036,999.73,0
2020-07-13T00:18:57Z,0.1,26.9532,0.9404,1.6262,31.854,33.098418,4.2341,76.506,7.48,231.2448,118.98,1.5933056128793808,0.022,996.5454,0
2020-07-13T00:18:57Z,0.3,26.9032,0.9431,1.3942,31.662,32.864916,4.2779,76.382,7.467,235.8665,219.74,1.5848079964145383,0.009,996.5601,0
2020-07-13T00:18:57Z,0.6,26.8523,1.092,1.6758,31.609,32.783596,3.7372,65.48,7.461,238.6074,132.11,1.583685198318582,0.018,996.5756,0
2020-07-13T00:18:57Z,1,26.6851,1.2747,1.5736,31.685,32.751911,4.4484,74.898,7.457,239.2713,126.53,1.5932807533614037,0.019,996.6226,0
2020-07-13T00:18:57Z,1.3,26.4323,1.3802,1.8153,31.676,32.580255,3.9235,68.899,7.476,240.1622,152.71,1.6012880723146308,0.017,996.6926,0
2020-07-13T00:18:57Z,1.6,24.2698,2.0468,1.8734,31.983,31.388099,4.5076,75.268,7.59,240.9653,117.59,1.6943861517224377,0.013,997.2554,0
2020-07-13T00:18:57Z,2,20.9525,3.673,3.5167,31.404,28.826359,7.5563,120.945,7.619,241.97,112.15,1.7897400713163347,0.018,998.0291,0
2020-07-13T00:18:57Z,2.3,19.2148,3.2218,3.2636,32.137,28.399568,7.666,117.225,7.623,246.668,98.929,1.909520631776007,0.008,998.3905,0
2020-07-13T00:18:57Z,2.6,17.1281,4.2512,2.8611,35.222,29.599986,5.7667,78.398,7.587,251.2305,84.822,2.2121826076481956,0.032,998.7824,0
2020-07-13T00:18:57Z,3,15.9673,12.1392,2.9666,38.047,31.026448,2.3403,33.006,7.473,256.6617,56.715,2.4705042009505642,0.029,998.9804,0
2020-07-13T00:18:57Z,3.3,14.4713,9.5864,2.828,41.367,32.595388,0.5907,7.48,7.313,261.79,40.537,2.803782915700316,0.02,999.2123,0
2020-07-13T00:18:57Z,3.6,13.3937,7.7752,2.3442,43.749,33.617433,0.3845,5.159,7.145,265.8491,27.318,3.0594659428929916,0.015,999.3633,0
2020-07-13T00:18:57Z,4,12.4589,18.3331,2.8055,45.214,33.824008,0.057,0.792,6.993,268.1534,19.931,3.2470791124791285,0.015,999.4828,0
2020-07-13T00:18:57Z,4.3,11.6068,7.6993,6.7712,48.914,35.866303,0.0496,0.605,6.856,269.8243,14.01,3.6118287678663044,0.02,999.5825,0
2020-07-13T00:18:57Z,4.6,10.8641,6.3662,12.1086,45.382,32.538815,0.0858,1.333,6.665,147.5877,8.1781,3.4018018619039636,0.01,999.6608,0
2020-07-13T00:18:57Z,5,10.5207,4.8596,13.0926,44.872,31.883797,0.59,7.553,6.616,113.3564,4.087,3.3925631749551757,0.022,999.6955,0
2020-07-13T00:18:57Z,5.3,10.5644,3.7807,11.2938,44.834,31.866063,0.6125,7.867,6.542,134.8996,1.7253,3.385455179835942,0.011,999.6929,0
2020-07-13T00:18:57Z,5.6,10.4202,2.7685,10.5075,44.907,31.816535,0.6445,8.196,6.48,149.4278,0.86877,3.4046645113273337,0.014,999.7081,0
2020-07-13T00:18:57Z,6,10.4191,2.6697,10.5705,44.872,31.788755,0.6349,8.05,6.417,164.541,0.45747,3.4019222570779597,0.028,999.7098,0
2020-07-13T00:18:57Z,6.3,10.4172,3.6182,11.3242,44.926,31.825576,0.6289,8.071,6.383,173.3481,0.17823,3.4064439040166494,0.013,999.7115,0
2020-07-13T00:18:57Z,6.6,10.4173,3.2126,11.0904,44.931,31.827978,0.6286,8.044,6.352,180.9916,0.12359,3.4068215400529094,0.026,999.7131,0
2020-07-13T00:18:57Z,7,10.4194,3.3517,11.1037,44.913,31.819675,0.6418,8.126,6.326,185.9525,0.12364,3.405155028468877,0.027,999.7144,0
2020-07-13T00:18:57Z,7.3,10.4076,3.0293,11.1089,44.888,31.788644,0.6326,8.129,6.307,190.2431,0.12368,3.4042150667356728,0.011,999.7171,0
2020-07-13T00:18:57Z,7.6,10.3942,3.3353,11.0798,44.891,31.781081,0.6175,8.04,6.287,193.9994,0.12365,3.4056859220360813,0.027,999.7199,0
2020-07-13T00:18:57Z,8,10.3961,2.8373,11.3651,44.889,31.77971,0.6217,7.845,6.263,200.6307,0.1236,3.4053303617918513,0.016,999.7213,0
2020-07-13T00:18:57Z,8.3,10.399,3.165,12.0836,44.869,31.766145,0.6247,7.897,6.246,204.97,0.12361,3.403427787061162,0.015,999.72260000000006,0
2020-07-13T00:18:57Z,8.6,10.4054,3.397,11.3284,44.874,31.776547,0.6072,7.745,6.231,208.2201,0.12355,3.403220591919092,0.016,999.7235,0
2020-07-13T00:18:57Z,9,10.4043,3.2851,11.1103,44.862,31.765878,0.601,7.648,6.222,212.7509,0.12357,3.4023358893482247,0.013,999.7252,0
2020-07-13T00:18:57Z,9.3,10.3837,3.2275,11.3767,44.924,31.793026,0.5963,7.535,6.209,213.8222,0.1236,3.4092451374609376,0.025,999.7287,0
2020-07-16T20:52:45Z,0.1,26.8714,1.473,2.1189,33.713,34.974134,3.4663,64.307,7.704,259.3747,493.52,1.694706386056566,1.3994e-11,996.5699,0
2020-07-16T20:52:45Z,0.3,26.8714,1.473,2.1189,33.713,34.974134,3.4663,64.307,7.704,259.3747,493.52,1.694706386056566,1.3994e-11,996.5699,0
2020-07-16T20:52:45Z,0.6,26.8675,1.2862,2.0543,33.447,34.692229,4.3024,74.185,7.795,263.6339,433.35,1.6806958730243542,0.045,996.572,0
2020-07-16T20:52:45Z,1,26.6218,1.4778,2.1203,31.935,32.95394,4.8007,85.887,7.833,262.7487,353.6,1.6087116352268473,0.043,996.6399,0
2020-07-16T20:52:45Z,1.3,26.2785,1.6623000000000001,2.0943,31.7,32.351375,5.2979,93.822,7.663,265.9922,255.12,1.6077786644250456,0.065,996.7339,0
2020-07-16T20:52:45Z,1.6,25.1678,2.3166,2.5295,31.99,31.959166,6.3011,115.462,7.633,264.2776,191.63,1.6621875353130733,0.062,997.0276,0
2020-07-16T20:52:45Z,2,22.8061,5.1765,4.001,31.118,29.471732,9.5242,163.552,7.877,263.6862,141.9,1.6998419066554986,0.058,997.6109,0
2020-07-16T20:52:45Z,2.3,20.1978,4.0988,4.5447,32.732,29.384494,7.8344,118.409,7.741,262.6862,88.576,1.9027638855519153,0.063,998.191,0
2020-07-16T20:52:45Z,2.6,18.5176,8.4903,3.0194,34.581,29.948652,6.8213,100.493,7.701,269.7353,50.434,2.0980821612370906,0.048,998.5281,0
2020-07-16T20:52:45Z,3,17.0318,7.9669,2.566,36.511,30.621196,4.5465,60.021,7.596,273.0398,25.313,2.3035658432751425,0.053,998.8011,0
2020-07-16T20:52:45Z,3.3,15.6565,9.3913,2.6192,40.595,32.76618,1.7619,16.922,7.538,275.5753,14.478,2.6672264851831993,0.058,999.0322,0
2020-07-16T20:52:45Z,3.6,14.2372,8.635,2.7967,43.791,34.175901,0.3068,2.417,7.413,278.5187,9.2213,2.996757692826471,0.063,999.2478,0
2020-07-16T20:52:45Z,4,12.6512,15.8015,3.0048,49.946,36.972835,0.0949,1.394,7.369,278.1321,5.5975,3.5922978473067495,0.065,999.4608,0
2020-07-16T20:52:45Z,4.3,11.0584,7.2617,6.2962,45.199,32.42034,0.2022,4.883,7.287,239.392,3.8617,3.369459067306189,0.07,999.6396,0
2020-07-16T20:52:45Z,4.6,10.7513,3.2877,9.4489,45.269,32.352703,0.9784,12.232,7.251,239.8242,2.9915,3.4031673492371772,0.083,999.6718,0
2020-07-16T20:52:45Z,5,10.6929,2.9064,9.2574,45.231,32.281647,0.896,11.598,7.199,243.8198,1.6946,3.4055013894291157,0.068,999.6791,0
2020-07-16T20:52:45Z,5.3,10.6651,3.2201,9.1616,45.199,32.241053,0.922,11.845,7.146,251.3165,0.79974,3.405488457711136,0.075,999.6833,0
2020-07-16T20:52:45Z,5.6,10.6927,3.0377,9.0154,45.237,32.294359,0.9131,12.016,7.103,252.7019,0.36931,3.405967487780609,0.072,999.6823,0
2020-07-16T20:52:45Z,6,10.674,3.3193,9.1916,45.262,32.294234,0.9447,12.331,7.054,257.8661,0.16249,3.4096873070717715,0.084,999.6857,0
2020-07-16T20:52:45Z,6.3,10.6769,3.0969,9.0786,45.268,32.294237,0.9447,12.052,7.025,259.5891,0.12358,3.40988373734229,0.072,999.6869,0
2020-07-16T20:52:45Z,6.6,10.6609,3.2901,9.4683,45.223,32.254901,0.9377,12.118,6.991,265.4769,0.12362,3.4077367295108476,0.086,999.69,0
2020-07-16T20:52:45Z,7,10.6516,3.0318,9.6328,45.217,32.241164,0.9196,11.861,6.94,265.0414,0.12356,3.4080990672461096,0.067,999.6925,0
2020-07-16T20:52:45Z,7.3,10.6419,2.8263,8.9316,45.226,32.238524,0.9275,12.048,6.914,266.6585,0.12354,3.409703111529188,0.103,999.695,0
2020-07-16T20:52:45Z,7.6,10.6336,2.9802,8.8804,45.256,32.251006,0.9165,11.613,6.893,266.5543,0.12353,3.4128671048558448,0.048,999.6973,0
2020-07-16T20:52:45Z,8,10.6269,3.1478,9.1882,45.244,32.239784,0.8822,11.25,6.856,268.4315,0.12361,3.4125069953902947,0.133,999.6995,0
2020-07-16T20:52:45Z,8.3,10.622,2.9077,9.0017,45.236,32.227099,0.8834,11.137,6.824,271.7897,0.12362,3.412302306722301,0.118,999.7016,0
2020-07-16T20:52:45Z,8.6,10.6175,2.9014,9.2128,45.205,32.199088,0.8704,10.999,6.81,272.3205,0.12355,3.410211931437416,0.141,999.7035,0
2020-07-16T20:52:45Z,9,10.6532,2.8344,9.407,45.188,32.197936,0.8462,10.986,6.785,271.4763,0.1235,3.4055214678796024,0.133,999.7016,0
2020-07-16T20:52:45Z,9.3,10.6051,2.7238,9.4171,45.254,32.224574,0.8515,10.859,6.77,272.0432,0.1235,3.415267083845708,0.106,999.7079,0
2020-07-19T21:02:02Z,0.1,28.0216,0.5277,2.3852,33.604,35.637501,5.4168,99.023,7.681,192.4285,510.76,1.6490495334249304,0.011,996.2476,0
2020-07-19T21:02:02Z,0.3,27.999,0.7513,2.5158,32.983,34.963822,5.5447,101.414,7.667,195.7148,646.6,1.6175846144420862,0.019,996.2547,0
2020-07-19T21:02:02Z,0.6,27.9791,0.7327,2.7801,32.082,33.996856,3.7649,67.622,7.655,200.7947,471.88,1.5715412789253322,0.012,996.2616,0
2020-07-19T21:02:02Z,1,27.8457,1.0645,2.2858,31.819,33.624988,3.4211,63.179,7.88,201.8082,351.46,1.562211801084167,0.024,996.3009,0
2020-07-19T21:02:02Z,1.3,27.2534,2.5662,4.8214,31.619,33.01242,3.2933,59.661,8.311,191.7926,261.31,1.5709951424207147,0.006,996.468,0
2020-07-19T21:02:02Z,1.6,26.6296,5.2322,6.7772,32.088,33.12291,3.3131,59.575,8.729,183.1796,166.05,1.6165868310716411,0.031,996.6408,0
2020-07-19T21:02:02Z,2,26.2927,7.2815,9.457,31.715,32.54211,3.3726,63.016,9.041,176.5469,98.415,1.6080902031477817,0.017,996.7332,0
2020-07-19T21:02:02Z,2.3,25.0744,5.191,4.1746,31.284,31.318319,3.5631,61.712,8.668,185.5294,52.406,1.626671552273824,0.007,997.0545,0
2020-07-19T21:02:02Z,2.6,22.248,22.0716,2.6395,31.539,29.906529,4.6244,78.587,8.428,200.9847,30.169,1.7458134748383876,0.012,997.7435,0
2020-07-19T21:02:02Z,3,21.6351,7.1702,2.3411,31.658,29.454359,4.7049,82.517,8.198,212.9755,18.586,1.7771818897448983,0.013,997.8838,0
2020-07-19T21:02:02Z,3.3,20.1916,4.4095,2.4464,33.01,29.859737,4.8625,75.495,7.974,223.9012,12.73,1.9201378053411418,0.027,998.1969,0
2020-07-19T21:02:02Z,3.6,16.8985,17.4213,2.9626,37.475,31.518953,5.5661,80.424,7.252,236.7766,8.5424,2.375884311704261,0.029,998.8277,0
2020-07-19T21:02:02Z,4,15.1363,8.284,3.0566,41.435,33.2586,5.2269,73.554,7.302,228.0274,5.0673,2.7617343396473206,0.031,999.1166,0
2020-07-19T21:02:02Z,4.3,14.3832,6.7509,5.832,44.099,34.594323,5.6714,79.083,7.136,204.6954,3.2563,3.007929476071648,0.023,999.2305,0
2020-07-19T21:02:02Z,4.6,12.8388,2.8958,9.4706,47.932,36.278899,5.2174,70.684,6.961,165.1998,2.129,3.4211272583546153,0.006,999.4403,0
2020-07-19T21:02:02Z,5,11.9605,2.1857,7.7945,49.553,36.593368,5.14,68.075,6.811,192.8967,1.165,3.6277547248755107,0.015,999.547,0
2020-07-19T21:02:02Z,5.3,11.6896,2.3401,7.4926,49.112,36.048034,5.5156,72.345,6.716,203.1412,0.64946,3.6193514521934307,0.015,999.5787,0
2020-07-19T21:02:02Z,5.6,11.6251,2.3983,7.9659,48.355,35.385163,5.4095,71.415,6.635,215.0585,0.36831,3.566013086058756,0.01,999.5869,0
2020-07-19T21:02:02Z,6,10.807,2.9109,7.461,45.639,32.688982,2.1283,25.843,6.553,218.8235,0.17612,3.427563460207888,0.005,999.6728,0
2020-07-19T21:02:02Z,6.3,10.7506,2.4655,7.7119,45.44,32.492321,0.9098,11.783,6.483,227.6522,0.12345,3.4168463752408895,0.033,999.6798,0
2020-07-19T21:02:02Z,6.6,10.7383,2.6074,7.9294,45.528,32.541722,0.8935,11.461,6.485,229.4412,0.12361,3.425024037956542,0.03,999.6825,0
2020-07-19T21:02:02Z,7,10.7398,2.5,7.8302,45.441,32.483877,0.8933,11.573,6.352,240.0692,0.12351,3.4178938507444268,0.028,999.684,0
2020-07-19T21:02:02Z,7.3,10.7351,2.6845,8.0491,45.408,32.456201,0.8971,11.565,6.343,241.9681,0.12349,3.415668563018605,0.019,999.686,0
2020-07-19T21:02:02Z,7.6,10.7251,2.6537,8.0649,45.426,32.460598,0.8902,11.42,6.327,240.7888,0.12351,3.4180219850736275,0.015,999.6885,0
2020-07-19T21:02:02Z,8,10.7653,2.2269,7.8523,45.397,32.460816,0.9081,11.638,6.289,244.8978,0.12349,3.411955814973421,0.042,999.6861,0
2020-07-19T21:02:02Z,8.3,10.7278,2.5742,8.0519,45.432,32.463105,0.8916,11.478,6.284,247.0667,0.12365,3.4182188629710573,0.015,999.6913,0
2020-07-19T21:02:02Z,8.6,10.7232,2.9895,7.8395,45.376,32.421136,0.9134,11.67,6.234,252.0503,0.12369,3.414139036481096,0.031,999.6933,0
2020-07-19T21:02:02Z,9,10.7222,2.6909,7.9535,45.342,32.395758,0.894,11.565,6.221,252.6864,0.12369,3.411488902223318,0.015,999.695,0
2020-07-19T21:02:02Z,9.3,10.7207,2.5471,7.8284,45.413,32.445375,0.8605,11.224,6.203,254.0609,0.12361,3.417303612696242,0.012,999.6967,0
2020-07-23T01:47:15Z,0.1,27.8401,0.7501,33.0537,32.739,34.597094,4.434,78.992,7.047,140.9084,897.13,1.6102003971036676,2.0491e-7,996.2995,0
2020-07-23T01:47:15Z,0.3,27.67,0.8677,33.4073,32.285,33.865354,7.6518,131.74,7.02,138.4982,623.17,1.5921869712719439,0.046,996.3475,0
2020-07-23T01:47:15Z,0.6,27.4446,1.112,34.1593,32.146,33.673688,6.9308,124.474,7.04,133.6224,400.4,1.5923565440353074,0.071,996.4122,0
2020-07-23T01:47:15Z,1,26.8791,1.2595,34.4528,32.365,33.549266,6.9574,130.377,7.022,136.111,262.86,1.6228428538480963,0.069,996.5699,0
2020-07-23T01:47:15Z,1.3,26.1428,1.9069,36.3491,33.43,33.915157,8.4773,150.437,7.001,132.2906,182.79,1.705614069671623,0.051,996.7707,0
2020-07-23T01:47:15Z,1.6,24.8722,2.0235,38.6511,32.753,32.6088,9.7883,154.202,7.001,132.1214,103.94,1.7150336192153643,0.033,997.1038,0
2020-07-23T01:47:15Z,2,23.938,2.2626,40.0341,32.717,32.050586,6.1486,116.909,6.986,134.2463,75.336,1.7481649195502145,0.04,997.3392,0
2020-07-23T01:47:15Z,2.3,22.0817,3.759,38.2072,33.13,31.110318,6.8856,122.639,6.96,141.1431,44.83,1.8460588855362001,0.041,997.7806,0
2020-07-23T01:47:15Z,2.6,19.4852,15.6322,38.4834,34.519,30.579252,6.4796,101.762,6.949,150.3082,24.684,2.0467311518173346,0.028,998.3388,0
2020-07-23T01:47:15Z,3,17.5435,11.7975,37.8047,37.754,31.971164,2.6148,33.944,6.934,153.1377,14.293,2.3573830103150577,0.037,998.7109,0
2020-07-23T01:47:15Z,3.3,15.3289,4.0771,39.4888,44.346,35.530735,0.1763,1.928,6.923,161.0817,8.798,2.9542963894943797,0.044,999.0846,0
2020-07-23T01:47:15Z,3.6,14.0897,11.0093,41.1308,45.931,35.720716,0.0847,1.159,6.914,162.4111,6.2359,3.1648765546345063,0.061,999.2696,0
2020-07-23T01:47:15Z,4,12.9061,6.6269,41.3514,46.817,35.486626,0.0584,0.922,6.906,161.7155,3.6006,3.330527224286673,0.05,999.4285,0
2020-07-23T01:47:15Z,4.3,12.2058,4.2681,44.32,46.415,34.316734,0.0582,0.795,6.898,163.2381,2.2332,3.361435663081918,0.085,999.5148,0
2020-07-23T01:47:15Z,4.6,11.3848,2.3619,46.2013,45.498,33.030857,0.0627,0.831,6.891,159.331,1.7761,3.3635154340293156,0.049,999.6074,0
2020-07-23T01:47:15Z,5,11.0209,1.3836,47.5749,45.535,32.800638,0.2635,3.56,6.884,161.6708,0.6109,3.399559615780211,0.03,999.6467,0
2020-07-23T01:47:15Z,5.3,11.0016,0.8876,48.0909,45.669,32.881834,0.2935,3.695,6.873,163.1682,0.35607,3.4119820481064904,0.013,999.6502,0
2020-07-23T01:47:15Z,5.6,10.9359,0.8819,48.7459,45.717,32.856474,0.3179,4.005,6.867,170.3171,0.18907,3.421859121377785,0.036,999.6584,0
2020-07-23T01:47:15Z,6,10.913,1.3976,49.819,45.76,32.865268,0.3112,4.046,6.861,173.7525,0.12357,3.4273938681013476,0.067,999.6623,0
2020-07-23T01:47:15Z,6.3,10.8989,1.8897,50.4404,45.746,32.842083,0.3182,4.042,6.86,172.2613,0.1236,3.427567534442206,0.057,999.6652,0
2020-07-23T01:47:15Z,6.6,10.8901,2.1593,49.8155,45.771,32.853966,0.3123,4.08,6.859,174.2796,0.12365,3.430364195841295,0.049,999.6677,0
2020-07-23T01:47:15Z,7,10.8729,2.434,50.7164,45.792,32.85374,0.3105,3.791,6.856,179.3549,0.12352,3.433622729490899,0.048,999.6709,0
2020-07-23T01:47:15Z,7.3,10.8568,2.5191,49.3593,45.81,32.853045,0.2936,3.476,6.853,179.7273,0.12356,3.436542207469387,0.061,999.6741,0
2020-07-23T01:47:15Z,7.6,10.8564,1.8188,49.5665,45.813,32.856416,0.2082,2.672,6.85,176.4838,0.12353,3.436802879079896,0.055,999.6757,0
2020-07-23T01:47:15Z,8,10.8329,2.3588,48.4854,45.938,32.922367,0.1892,2.464,6.85,182.2725,0.12365,3.4489738375052656,0.075,999.6796,0
2020-07-23T01:47:15Z,8.3,10.8285,2.5625,49.0868,45.886,32.881907,0.1912,2.477,6.846,181.9435,0.12358,3.4452080337897724,0.08,999.6816,0
2020-07-23T01:47:15Z,8.6,10.8293,2.2734,47.8095,45.913,32.898268,0.1891,2.484,6.843,184.2441,0.1235,3.4472769057249137,0.068,999.683,0
2020-07-23T01:47:15Z,9,10.8177,3.2637,47.4965,45.899,32.881898,0.1852,2.493,6.84,181.3036,0.12358,3.4472226648894737,0.084,999.6858,0
2020-07-23T01:47:15Z,9.3,10.8287,3.0007,46.1025,46.041,32.981166,0.1927,2.51,6.838,183.8728,0.12358,3.457540639817541,0.082,999.6863,0
2020-07-26T20:24:05Z,0.1,26.8287,1.7806,6.748,32.988,34.197,6.8015,123.845,8.791,132.6883,411.34,1.6576621723418694,0.112,996.5798,0
2020-07-26T20:24:05Z,0.3,26.8038,1.8041,6.0994,32.794,33.981154,6.8267,122.012,8.728,136.6963,330.8,1.6482088576853409,0.024,996.5877,0
2020-07-26T20:24:05Z,0.6,26.7803,2.0339,6.509,32.69,33.858419,6.8438,122.383,8.599,139.6527,203.49,1.643485463195163,0.014,996.5955,0
2020-07-26T20:24:05Z,1,26.7404,2.152,7.2235,32.583,33.717797,6.8677,122.249,8.382,141.6842,122.5,1.6391624906105686,0.039,996.6079,0
2020-07-26T20:24:05Z,1.3,25.6097,2.3015,7.0141,32.964,33.328243,7.8702,142.251,8.587,145.24,69.615,1.6996194947278829,0.015,996.9116,0
2020-07-26T20:24:05Z,1.6,24.2557,1.8244,7.7499,32.713,32.182536,9.2144,155.377,8.277,152.6765,42.405,1.7358625392797309,0.018,997.259,0
2020-07-26T20:24:05Z,2,22.6735,1.3205,5.0257,34.1,32.408338,7.6472,122.834,8.172,160.0284,23.304,1.8782637465886725,0.02,997.6429,0
2020-07-26T20:24:05Z,2.3,21.2352,6.7197,3.0305,34.919,32.083137,5.4319,88.44,7.888,172.1158,14.13,1.989647546629042,0.016,997.9701,0
2020-07-26T20:24:05Z,2.6,18.9041,1.1556,1.4135,36.529,32.010745,4.4091,64.528,7.682,180.1102,9.3485,2.2033097195361737,0.008,998.4544,0
2020-07-26T20:24:05Z,3,16.8058,3.0485,1.8291,40.067,33.45199,0.5626,7.312,7.396,194.5271,6.9139,2.556618435863349,0.016,998.8413,0
2020-07-26T20:24:05Z,3.3,15.3176,23.0971,2.9846,46.082,37.182547,0.0573,0.912,7.147,204.4689,5.2938,3.0784645342054757,0.02,999.0874,0
2020-07-26T20:24:05Z,3.6,14.9473,7.4899,2.2303,47.695,37.797652,0.0739,0.933,7.188,153.767,3.5723,3.2233380143234993,0.013,999.1457,0
2020-07-26T20:24:05Z,4,12.2718,3.8039,4.6155,52.753,39.100482,0.0471,0.621,7.065,122.6609,2.1427,3.846433818052543,0.024,999.5072,0
2020-07-26T20:24:05Z,4.3,11.2018,0.9925,4.8897,46.381,33.56619,0.0544,0.679,6.932,122.9002,1.563,3.4500682787782173,0.01,999.6252,0
2020-07-26T20:24:05Z,4.6,11.0896,0.5249,6.9799,46.193,33.314481,0.0573,0.748,6.834,115.883,1.025,3.445553437403453,0.042,999.6383,0
2020-07-26T20:24:05Z,5,11.0059,0.729,6.8662,46.265,33.315747,0.1026,1.267,6.786,133.3062,0.63663,3.459068553851082,0.01,999.6484,0
2020-07-26T20:24:05Z,5.3,10.9821,0.791,7.005,46.264,33.293714,0.1103,1.538,6.725,140.5671,0.37917,3.461197477616561,0.008,999.6524,0
2020-07-26T20:24:05Z,5.6,10.9695,0.946,7.2607,46.233,33.261348,0.1405,1.8,6.663,151.0408,0.18766,3.459887172705586,0.008,999.6552,0
2020-07-26T20:24:05Z,6,10.9933,1.2829,7.2429,46.279,33.312164,0.1584,2.064,6.618,155.5057,0.12372,3.461311515090389,0.012,999.6544,0
2020-07-26T20:24:05Z,6.3,11.057,1.4482,7.0295,46.311,33.356223,0.1706,2.108,6.603,160.7648,0.12352,3.4578914078541065,0.01,999.6494,0
2020-07-26T20:24:05Z,6.6,10.9547,1.9181,7.0054,46.284,33.285424,0.1679,2.185,6.574,166.3254,0.12361,3.4652903888178463,0.013,999.6614,0
2020-07-26T20:24:05Z,7,10.9795,1.5002,7.0054,46.275,33.28553,0.1734,2.234,6.547,173.9416,0.12352,3.4622328435937972,0.015,999.6604,0
2020-07-26T20:24:05Z,7.3,10.9512,1.519,6.9282,46.268,33.270372,0.1969,2.499,6.525,179.2437,0.12361,3.464307441164731,0.01,999.6648,0
2020-07-26T20:24:05Z,7.6,10.9583,2.0729,7.6025,46.236,33.246707,0.1906,2.466,6.507,181.7518,0.12343,3.461072713662246,0.018,999.6656,0
2020-07-26T20:24:05Z,8,10.9876,1.6638,7.2771,46.214,33.270187,0.1743,2.268,6.492,187.332,0.12357,3.4565615167703556,0.003,999.6643,0
2020-07-26T20:24:05Z,8.3,10.9475,1.8951,7.5804,46.221,33.228556,0.1763,2.297,6.479,192.3711,0.12355,3.4608524218868757,0.014,999.6699,0
2020-07-26T20:24:05Z,8.6,10.9552,1.5384,7.4434,46.227,33.245446,0.1836,2.315,6.467,193.1574,0.12359,3.4605938833801195,0.007,999.6706,0
2020-07-26T20:24:05Z,9,10.9548,2.3365,7.328,46.192,33.220066,0.1782,2.303,6.451,193.7836,0.12351,3.4578216580309977,0.019,999.6723,0
2020-07-26T20:24:05Z,9.3,10.9469,2.3269,7.5555,46.238,33.242277,0.1713,2.204,6.446,197.8516,0.1236,3.4622143809858072,0.003,999.6746,0
2020-07-30T01:06:20Z,0.1,26.9068,2.3478,9.4514,35.458,36.777891,8.5107,150.396,7.053,93.9312,105.07,1.7863748495128138,0.032,996.5593,0
2020-07-30T01:06:20Z,0.3,26.7276,2.6153,9.8872,34.675,35.859965,8.3136,147.808,7.046,97.7815,63.711,1.75120278074728,0.04,996.609,0
2020-07-30T01:06:20Z,0.6,26.5535,2.6883,10.6314,34.143,35.183415,8.1285,144.758,7.052,101.5575,33.327,1.729088874090889,0.098,996.6576,0
2020-07-30T01:06:20Z,1,26.2657,2.4956,10.1487,32.694,33.407413,8.6594,150.745,7.045,105.4835,16.839,1.6615935091453518,0.091,996.7365,0
2020-07-30T01:06:20Z,1.3,25.5252,2.4309,8.6403,33.248,33.487344,7.1299,118.862,7.031,117.0132,9.1251,1.7182146648338465,0.066,996.9338,0
2020-07-30T01:06:20Z,1.6,24.9062,2.1442,5.7167,33.513,33.352706,6.8287,117.672,7.02,120.3444,4.6656,1.7558866139044116,0.097,997.0952,0
2020-07-30T01:06:20Z,2,24.2796,1.9137,2.955,33.807,33.047661,6.7942,113.929,7.015,119.3326,2.7109,1.796423442621681,0.118,997.2548,0
2020-07-30T01:06:20Z,2.3,22.4664,1.8458,2.0701,35.165,32.888116,5.6334,82.447,7.007,122.3882,1.7881,1.9494661663995363,0.048,997.6927,0
2020-07-30T01:06:20Z,2.6,19.4193,4.7939,1.8829,37.664,33.095156,3.5468,50.492,6.982,125.7472,1.471,2.248517927805069,0.047,998.353,0
2020-07-30T01:06:20Z,3,17.0468,0.8688,1.7464,48.317,40.107054,-0.1217,-3.326,6.967,130.9659,1.0849,3.1018928869628524,0.089,998.8006,0
2020-07-30T01:06:20Z,3.3,15.3312,8.6444,2.7453,47.67,38.082326,0.12,2.134,6.956,108.24,0.84637,3.1905116205612942,0.118,999.0861,0
2020-07-30T01:06:20Z,3.6,13.8477,6.1431,3.4997,47.716,37.079071,0.0792,1.059,6.951,56.5978,0.606,3.316661978621206,0.057,999.3036,0
2020-07-30T01:06:20Z,4,13.1321,3.9577,5.4445,50.958,38.61567,0.0733,0.904,6.94,30.2007,0.42116,3.6240766442590013,0.03,999.4009,0
2020-07-30T01:06:20Z,4.3,11.8869,2.1104,5.3659,56.185,41.521806,0.0532,0.788,6.936,16.7589,0.2541,4.156528763951863,0.03,999.5548,0
2020-07-30T01:06:20Z,4.6,11.2884,0.5901,3.7359,46.928,34.000675,0.0541,0.7,6.932,0.2293,0.14062,3.485304762027517,0.036,999.6179,0
2020-07-30T01:06:20Z,5,11.0847,0.3968,7.2268,46.628,33.656637,0.0889,1.347,6.927,-2.8125,0.12365,3.4805891866716205,0.053,999.6405,0
2020-07-30T01:06:20Z,5.3,11.0811,0.4192,7.4106,46.578,33.606468,0.1034,1.342,6.917,6.6914,0.12357,3.4769322746340965,0.09,999.6424,0
2020-07-30T01:06:20Z,5.6,11.1259,0.6783,7.6709,46.482,33.567874,0.1099,1.351,6.908,13.9935,0.12368,3.4650880557741366,0.081,999.6393,0
2020-07-30T01:06:20Z,6,11.069,0.7932,7.3662,46.514,33.567346,0.1282,1.605,6.902,20.8006,0.12369,3.472940432397939,0.075,999.6468,0
2020-07-30T01:06:20Z,6.3,11.0798,1.1505,7.5118,46.534,33.567765,0.1364,1.767,6.893,28.2905,0.12356,3.473502664575828,0.051,999.6472,0
2020-07-30T01:06:20Z,6.6,11.0431,1.1763,8.5393,46.588,33.586848,0.1362,1.725,6.89,32.0878,0.12362,3.481229013236842,0.045,999.6525,0
2020-07-30T01:06:20Z,7,11.0615,1.1425,7.709,46.57,33.607116,0.1393,1.765,6.886,37.7148,0.12361,3.478050136428311,0.033,999.6522,0
2020-07-30T01:06:20Z,7.3,11.046,1.2131,7.5001,46.612,33.606952,0.147,1.798,6.874,48.3867,0.12356,3.4828331185814814,0.045,999.6554,0
2020-07-30T01:06:20Z,7.6,11.0375,1.2288,7.5614,46.613,33.599314,0.1393,1.862,6.868,51.5646,0.12366,3.483695019776749,0.089,999.6578,0
2020-07-30T01:06:20Z,8,11.0482,1.474,7.7557,46.506,33.533275,0.1471,1.936,6.862,55.9281,0.12362,3.474152032904727,0.089,999.6582,0
2020-07-30T01:06:20Z,8.3,11.0337,1.743,7.7791,46.627,33.614774,0.1435,1.798,6.859,57.7291,0.12371,3.485133570599915,0.075,999.6613,0
2020-07-30T01:06:20Z,8.6,11.0344,1.4438,7.629,46.589,33.573766,0.1383,1.755,6.857,60.5859,0.12362,3.4820239080912603,0.094,999.6627,0
2020-07-30T01:06:20Z,9,11.027,1.4063,7.7096,46.602,33.579708,0.1334,1.714,6.852,62.7233,0.12367,3.4837378706409976,0.091,999.6651,0
2020-07-30T01:06:20Z,9.3,11.0277,1.9629,7.6089,49.639,35.773307,0.1265,1.6,6.847,63.195,0.12353,3.7262524834712663,0.132,999.6673,0
2020-09-14T19:20:40Z,0.1,23.1985,5.8779,13.1458,36.486,35.225654,5.8381,103.783,15.092,181.6969,91.682,1.9944225618326166,0.114,NA,0
2020-09-14T19:20:40Z,0.3,23.3662,6.1373,12.7763,36.44,35.251477,6.37,105.44,15.1,188.1748,45.834,1.984375010702057,0.098,NA,0
2020-09-14T19:20:40Z,0.6,23.3683,6.5549,12.6272,36.134,34.951145,6.1036,103.213,15.1,191.2998,20.076,1.9666186110340136,0.051,NA,0
2020-09-14T19:20:40Z,1,23.3031,6.2577,12.5764,35.407,34.206249,5.2652,86.152,15.104,192.0088,8.7669,1.9274822172870785,0.018,NA,0
2020-09-14T19:20:40Z,1.3,23.2668,7.2229,14.0757,34.634,33.436355,5.0374,83.506,15.109,194.0201,3.96,1.8844363053353013,0.011,NA,0
2020-09-14T19:20:40Z,1.6,23.2472,7.0208,11.9499,33.995,32.803007,5.6078,90.244,15.115,208.2932,1.7662,1.8484282260605234,0.017,NA,0
2020-09-14T19:20:40Z,2,21.9556,4.9906,4.2511,39.23,36.812497,4.7471,58.807,15.154,218.6759,0.79894,2.2145829887157724,0.014,NA,0
2020-09-14T19:20:40Z,2.3,20.9871,26.8474,3.7748,45.076,41.432787,0.069,1.129,15.184,175.2707,0.53194,2.624067586809261,0.011,NA,0
2020-09-14T19:20:40Z,2.6,19.8314,5.8854,2.7401,50.336,45.138877,0.0458,0.686,15.217,89.1376,0.28903,3.0314036839541068,0.015,NA,0
2020-09-14T19:20:40Z,3,18.0498,3.0323,3.0561,58.665,50.471629,0.0401,0.617,15.269,78.5086,0.16358,3.72367004916108,0.007,NA,0
2020-09-14T19:20:40Z,3.3,16.1473,2.7517,3.0908,73.02,60.023431,0.0343,0.545,15.325,76.6739,0.12686,4.9309806272267975,0.015,NA,0
2020-09-14T19:20:40Z,3.6,14.7454,3.2265,8.3804,82.395,65.377405,0.036,0.517,15.365,61.9211,0.12369,5.814971613822859,0.015,NA,0
2020-09-14T19:20:40Z,4,13.8973,2.5105,4.3895,76.197,59.31281,0.038,0.538,15.386,43.1968,0.12369,5.464150770771666,0.024,NA,0
2020-09-14T19:20:40Z,4.3,13.3391,1.6052,3.0591,65.674,50.328909,0.0378,0.508,15.404,38.6767,0.12363,4.727349762565427,0.012,NA,0
2020-09-14T19:20:40Z,4.6,12.7917,0.8189,5.4513,53.933,40.759977,0.0376,0.85,15.418,50.2046,0.12374,3.884744446930899,0.022,NA,0
2020-09-14T19:20:40Z,5,12.3704,0.0147,12.9191,55.632,41.564537,0.7179,9.881,15.431,79.8267,0.12381,4.060365979922877,0.018,NA,0
2020-09-14T19:20:40Z,5.3,12.1899,-0.2912,15.7154,55.123,40.995115,1.3344,17.404,15.435,123.6008,0.12376,4.0399256755355495,0.021,NA,0
2020-09-14T19:20:40Z,5.6,12.1406,-0.3713,15.5208,55.549,41.271119,1.4194,19.173,15.434,144.1402,0.12372,4.078597062816532,0.029,NA,0
2020-09-14T19:20:40Z,6,12.0992,-0.1761,14.8805,54.371,40.34535,1.9068,25.803,15.436,157.9233,0.12364,3.990635875702713,0.025,NA,0
2020-09-14T19:20:40Z,6.3,12.083,-0.4099,13.5867,54.527,40.44309,1.874,24.501,15.434,172.4472,0.12367,4.004569327302496,0.03,NA,0
2020-09-14T19:20:40Z,6.6,12.0782,-0.4766,13.5767,54.622,40.498365,1.727,22.714,15.434,185.1633,0.12368,4.01251464037313,0.035,NA,0
2020-09-14T19:20:40Z,7,12.0423,-0.563,13.1237,54.643,40.486066,1.6172,21.201,15.433,193.3746,0.1237,4.017972604220845,0.033,NA,0
2020-09-14T19:20:40Z,7.3,12.0383,-0.5726,13.5491,55.039,40.762758,1.4448,19.173,15.432,202.4861,0.12365,4.049494926963304,0.028,NA,0
2020-09-14T19:20:40Z,7.6,11.9893,-0.5612,13.7367,56.928,42.118011,0.4544,4.806,15.43,206.3711,0.12376,4.203621032750741,0.032,NA,0
2020-09-14T19:20:40Z,8,11.9558,-0.1672,13.2339,68.075,50.321259,0.0581,0.873,15.43,195.9814,0.12353,5.0946633516083155,0.028,NA,0
2020-09-14T19:20:40Z,8.3,11.9275,0.2453,13.7748,71.973,53.162001,0.0442,0.714,15.426,180.5119,0.12376,5.412055325087422,0.038,NA,0
2020-09-14T19:20:40Z,8.6,11.8824,0.7262,15.8759,77.828,57.403996,0.0499,0.626,15.423,163.7374,0.12367,5.892879940523055,0.033,NA,0
2020-09-14T19:20:40Z,9,11.8639,1.2814,16.1712,89.816,66.212185,0.0421,0.561,15.416,142.3669,0.12371,6.877136156961778,0.023,NA,0
2020-09-14T19:20:40Z,9.3,11.8236,1.1617,16.552,119.365,87.951705,0.0404,0.532,15.409,124.3225,0.12361,9.355349250864727,0.018,NA,0
2020-09-15T21:24:50Z,0.1,22.5514,5.9369,3.3199,28.186,26.822616,4.8181,79.4,15.23,265.6335,100.74,1.539771216108078,0.135,NA,0
2020-09-15T21:24:50Z,0.3,22.5775,5.9863,3.2784,28.211,26.846963,4.7904,79.046,15.228,269.4234,47.804,1.5403125783583724,0.088,NA,0
2020-09-15T21:24:50Z,0.6,22.5825,6.5977,3.0356,28.192,26.830592,4.7807,78.791,15.229,271.5571,39.901,1.5390399170144158,0.087,NA,0
2020-09-15T21:24:50Z,1,22.5778,7.1115,3.0348,28.209,26.845077,4.7866,78.986,15.229,274.348,23.14,1.5401760812928194,0.093,NA,0
2020-09-15T21:24:50Z,1.3,22.5747,7.0201,3.1457,28.163,26.80019,4.8093,79.671,15.228,275.6915,16.202,1.5376246510981957,0.092,NA,0
2020-09-15T21:24:50Z,1.6,22.572,7.5228,3.0748,28.192,26.825394,4.8171,79.457,15.229,277.0759,12.462,1.5393843317806186,0.063,NA,0
2020-09-15T21:24:50Z,2,22.5698,8.2858,3.248,28.19,26.82431,4.8035,79.482,15.229,279.3735,9.5617,1.5393390076007964,0.079,NA,0
2020-09-15T21:24:50Z,2.3,22.5699,8.0224,3.2733,28.252,26.8824,4.8107,79.276,15.228,279.906,6.9129,1.5429064782775916,0.095,NA,0
2020-09-15T21:24:50Z,2.6,22.5607,7.7288,3.1393,28.227,26.851188,4.7771,78.008,15.23,281.2726,4.913,1.5417754829469787,0.071,NA,0
2020-09-15T21:24:50Z,3,22.5316,8.2024,3.3893,28.236,26.847802,4.6832,77.064,15.23,282.0419,3.3447,1.5432914742434185,0.072,NA,0
2020-09-15T21:24:50Z,3.3,22.5294,7.7451,3.2331,28.165,26.77485,4.7401,79.063,15.23,283.1111,2.2151,1.5392629021149136,0.09,NA,0
2020-09-15T21:24:50Z,3.6,21.8769,8.5881,3.2672,35.611,32.743614,4.4776,44.065,15.274,284.813,1.4663,2.0020338186785596,0.09,NA,0
2020-09-15T21:24:50Z,4,19.152,8.7336,3.0466,34.774,30.432299,-0.3101,-0.945,15.336,232.4924,0.92645,2.07896210857832,0.091,NA,0
2020-09-15T21:24:50Z,4.3,17.8293,5.381,2.0596,34.506,29.34039,0.1002,1.616,15.371,181.7319,0.60204,2.1280186271496557,0.099,NA,0
2020-09-15T21:24:50Z,4.6,16.7975,2.9558,2.4573,34.096,28.219469,0.1035,1.479,15.404,166.5546,0.41261,2.15453545260819,0.092,NA,0
2020-09-15T21:24:50Z,5,15.5194,2.7742,2.8842,38.334,30.797847,0.082,1.118,15.437,154.8724,0.31993,2.5182071311214247,0.082,NA,0
2020-09-15T21:24:50Z,5.3,14.4819,3.6628,3.0216,40.475,31.782466,0.0708,1.039,15.465,140.8903,0.22105,2.7387243384186917,0.087,NA,0
2020-09-15T21:24:50Z,5.6,13.7072,4.2772,3.3998,48.855,37.746117,0.0666,0.928,15.482,123.9873,0.1528,3.413377897429698,0.066,NA,0
2020-09-15T21:24:50Z,6,13.0901,4.228,3.7481,51.632,39.178186,0.0644,0.831,15.5,104.7716,0.12396,3.679172953217097,0.08,NA,0
2020-09-15T21:24:50Z,6.3,12.5841,4.88,5.3111,52.482,39.394116,0.0566,0.822,15.514,93.3052,0.12381,3.7938188317106962,0.065,NA,0
2020-09-15T21:24:50Z,6.6,12.2385,4.8116,4.4028,65.877,48.925764,0.0567,0.799,15.524,81.6485,0.12377,4.881942019369918,0.076,NA,0
2020-09-15T21:24:50Z,7,11.765,4.3272,3.5441,87.548,64.27692,0.0556,0.733,15.536,65.2229,0.12366,6.708410420555013,0.074,NA,0
2020-09-15T21:24:50Z,7.3,11.5026,3.8784,3.4746,106.804,77.853502,0.053900000000000003,0.73,15.543,26.6325,0.12375,8.368962246494087,0.061,NA,0
2020-09-15T21:24:50Z,7.6,11.1138,2.625,3.3009,114.087,82.282202,0.0527,0.714,15.555,-1.5618,0.12387,9.081215200425133,0.061,NA,0
2020-09-15T21:24:50Z,8,10.8346,2.3442,2.9329,127.286,91.011168,0.0497,0.678,15.563,-21.7419,0.12368,10.299562748711306,0.082,NA,0
2020-09-15T21:24:50Z,8.3,10.6066,1.9969,2.7212,132.321,94.126769,0.0552,0.658,15.567,-35.9718,0.12372,10.808021507366105,0.065,NA,0
2020-09-15T21:24:50Z,8.6,10.4079,1.8835,2.7428,136.97,96.937828,0.0509,0.658,15.573,-48.8888,0.12376,11.280855249146699,0.073,NA,0
2020-09-15T21:24:50Z,9,10.3054,1.7842,2.6727,139.962,98.779624,0.0486,0.623,15.573,-56.1458,0.12372,11.580487360033569,0.074,NA,0
2020-09-15T21:24:50Z,9.3,10.1962,1.9135,2.4721,143.563,101.031664,0.0458,0.646,15.566,-61.701,0.12377,11.93942910707042,0.079,NA,0
2020-09-20T20:17:16Z,0.1,18.0501,2.324,11.4758,36.807,31.677235,6.4576,66.697,15.479,150.3349,146.78,2.2668831507447473,-0.007,NA,0
2020-09-20T20:17:16Z,0.3,18.5455,2.6498,11.9132,36.856,32.091867,7.5026,79.685,15.474,170.5569,261.84,2.2433353691770384,0.028,NA,0
2020-09-20T20:17:16Z,0.6,18.5511,2.8436,11.9436,37.056,32.277999,7.4745,79.847,15.478,181.229,90.898,2.2559456246387914,0.061,NA,0
2020-09-20T20:17:16Z,1,18.5404,3.1204,12.0562,36.752,32.002174,7.4355,79.423,15.482,189.0889,36.029,2.2368730400136174,0.029,NA,0
2020-09-20T20:17:16Z,1.3,18.516,3.5259,12.0513,36.695,31.964212,7.4407,79.653,15.487,194.5712,15.002,2.234482576144809,0.043,NA,0
2020-09-20T20:17:16Z,1.6,18.5297,3.7049,11.2766,36.738,31.98719,7.4434,79.234,15.49,200.0977,6.4085,2.2365217121935297,0.01,NA,0
2020-09-20T20:17:16Z,2,18.4991,3.7377,12.9534,36.744,31.988732,7.4574,79.689,15.494,205.7485,2.7091,2.2385325525921815,0.017,NA,0
2020-09-20T20:17:16Z,2.3,18.5573,3.6789,11.1365,36.741,32.004708,7.4538,79.934,15.497,210.7595,1.1645,2.235227245361452,0.019,NA,0
2020-09-20T20:17:16Z,2.6,18.539,3.7798,12.5573,36.767,32.016368,7.4401,79.491,15.498,214.5603,0.46253,2.2378724916651387,0.012,NA,0
2020-09-20T20:17:16Z,3,18.5311,3.7566,11.6244,36.873,32.106389,7.4191,78.979,15.499,217.0694,0.14204,2.2451326091722663,0.028,NA,0
2020-09-20T20:17:16Z,3.3,18.0193,3.8109,12.972,47.738,41.071409,1.7922,20.29,15.515,219.0779,0.12371,2.990887431219623,0.019,NA,0
2020-09-20T20:17:16Z,3.6,16.4575,4.2601,11.2692,81.489,66.988127,0.2354,1.967,15.572,141.7818,0.1238,5.504545291702903,0.038,NA,0
2020-09-20T20:17:16Z,4,14.5286,4.2384,2.9814,79.996,63.269261,0.1042,0.976,15.616,53.4715,0.12373,5.664543689363151,0.025,NA,0
2020-09-20T20:17:16Z,4.3,13.5022,2.379,2.2031,64.213,49.328649,0.0956,0.778,15.652,24.5259,0.12376,4.595330888109774,0.018,NA,0
2020-09-20T20:17:16Z,4.6,12.7798,0.5678,4.9811,54.895,41.423858,0.6334,9.201,15.669,30.9037,0.12374,3.960025251652745,0.012,NA,0
2020-09-20T20:17:16Z,5,12.3807,0.1167,12.1302,54.271,40.536755,2.5154,23.961,15.679,49.5016,0.1238,3.953275656902062,0.032,NA,0
2020-09-20T20:17:16Z,5.3,12.1595,-0.2811,9.1266,54.289,40.381066,2.8282,26.67,15.68,80.4753,0.12382,3.977878186799201,0.023,NA,0
2020-09-20T20:17:16Z,5.6,12.0693,-0.4695,9.0479,54.948,40.735178,2.0837,16.881,15.679,99.5285,0.12367,4.03911138283589,0.043,NA,0
2020-09-20T20:17:16Z,6,12.046,-0.47,10.825,56.138,41.582494,1.4227,11.826,15.677,109.9324,0.12362,4.135172167768388,0.042,NA,0
2020-09-20T20:17:16Z,6.3,12.02,-0.424,10.9324,56.312,41.690225,0.3085,3.023,15.677,115.3249,0.12372,4.151718100503422,0.026,NA,0
2020-09-20T20:17:16Z,6.6,11.9817,-0.344,13.0174,56.272,41.624414,0.5414,4.301,15.674,118.6984,0.12371,4.152774845009109,0.027,NA,0
2020-09-20T20:17:16Z,7,11.9618,-0.348,13.4913,58.562,43.290552,0.0791,0.801,15.672,124.6662,0.12377,4.335935935053463,0.027,NA,0
2020-09-20T20:17:16Z,7.3,11.9563,-0.0352,14.3773,63.36,46.830358,0.0786,0.717,15.671,121.732,0.12374,4.717697256405843,0.031,NA,0
2020-09-20T20:17:16Z,7.6,11.9409,-0.0764,14.2397,70.592,52.155932,0.0702,0.673,15.669,110.9365,0.12369,5.298947217651957,0.037,NA,0
2020-09-20T20:17:16Z,8,11.9172,-0.0558,10.7308,72.577,53.593943,0.0672,0.678,15.667,90.942,0.12373,5.462302787035098,0.017,NA,0
2020-09-20T20:17:16Z,8.3,11.8749,-0.0706,9.938,88.076,64.969218,0.0621,0.623,15.651,77.5033,0.12375,6.732009580193718,0.021,NA,0
2020-09-20T20:17:16Z,8.6,11.8326,0.2134,8.7195,115.698,85.186115,0.0695,0.581,15.646,68.8652,0.12374,9.0431417731973,0.082,NA,0
2020-09-20T20:17:16Z,9,11.8405,0.4959,5.2425,138.131,101.675408,0.0614,0.574,15.651,56.9363,0.12373,10.951550488246253,0.048,NA,0
2020-09-20T20:17:16Z,9.3,11.7561,0.6821,3.3009,192.449,141.466202,0.0476,0.608,15.657,30.2368,0.1237,15.737743490174797,0.07,NA,0
